-- --------------------------------------------------------
-- Servidor:                     127.0.0.1
-- Versão do servidor:           5.5.8-log - MySQL Community Server (GPL)
-- OS do Servidor:               Win32
-- HeidiSQL Versão:              9.5.0.5196
-- --------------------------------------------------------

/*!40101 SET @OLD_CHARACTER_SET_CLIENT=@@CHARACTER_SET_CLIENT */;
/*!40101 SET NAMES utf8 */;
/*!50503 SET NAMES utf8mb4 */;
/*!40014 SET @OLD_FOREIGN_KEY_CHECKS=@@FOREIGN_KEY_CHECKS, FOREIGN_KEY_CHECKS=0 */;
/*!40101 SET @OLD_SQL_MODE=@@SQL_MODE, SQL_MODE='NO_AUTO_VALUE_ON_ZERO' */;


-- Copiando estrutura do banco de dados para projeto
DROP DATABASE IF EXISTS `projeto`;
CREATE DATABASE IF NOT EXISTS `projeto` /*!40100 DEFAULT CHARACTER SET utf8 */;
USE `projeto`;

-- Copiando estrutura para tabela projeto.calcado
DROP TABLE IF EXISTS `calcado`;
CREATE TABLE IF NOT EXISTS `calcado` (
  `cod_cal` int(11) NOT NULL AUTO_INCREMENT,
  `nome_cal` varchar(50) DEFAULT NULL,
  `preco_atual` decimal(10,2) DEFAULT NULL,
  `marca` varchar(50) DEFAULT NULL,
  `modelo` varchar(50) DEFAULT NULL,
  `cor` varchar(50) DEFAULT NULL,
  `qtde_estoque` int(11) DEFAULT NULL,
  `numero` int(11) DEFAULT NULL,
  PRIMARY KEY (`cod_cal`)
) ENGINE=InnoDB AUTO_INCREMENT=62 DEFAULT CHARSET=utf8;

-- Copiando dados para a tabela projeto.calcado: ~29 rows (aproximadamente)
/*!40000 ALTER TABLE `calcado` DISABLE KEYS */;
INSERT INTO `calcado` (`cod_cal`, `nome_cal`, `preco_atual`, `marca`, `modelo`, `cor`, `qtde_estoque`, `numero`) VALUES
	(22, 'Tênis Nike Nightgazer Masculino', 104.60, 'Nike', 'Nightgazer ', 'Preto e Branco', 140, 34),
	(23, 'Tênis Nike Md Runner 2 Masculino', 250.70, 'Nike', 'Md Runner 2', 'Preto e Branco', 135, 35),
	(24, 'Tênis Kappa Impact Masculino', 190.20, 'Kappa', 'Impact', 'Azul e Marinho', 40, 40),
	(33, 'Tênis Asics Gel-Rocket 8 Masculino', 219.99, 'Asics', 'Gel-Rocket', 'Branco', 50, 39),
	(34, 'Tênis Asics Gel-Rocket 8 Masculino', 219.99, 'Asics', 'Gel-Rocket', 'Branco', 26, 41),
	(35, 'Tênis Nike Shox Nz Eu ', 449.90, 'Nike', 'Shox Nz Eu', 'Preto', 80, 42),
	(36, 'Tênis Nike Shox Nz Eu', 449.90, 'Nike', 'Shox Nz Eu', 'Preto', 60, 44),
	(37, 'Tênis Olympikus String Masculino', 199.00, 'Olympikus', 'String', 'Marinho', 105, 40),
	(38, 'Tênis Olympikus String Masculino', 199.00, 'Olympikus', 'String', 'Marinho', 68, 41),
	(39, 'Tênis Olympikus String Masculino', 199.00, 'Olympikus', 'String', 'Marinho', 25, 43),
	(40, 'Tênis Adidas Performance Lite Racer Adapt ', 279.99, 'Adidas', 'Performance Lite Racer Adapt ', 'Cinza', 58, 38),
	(41, 'Tênis Adidas Performance Lite Racer Adapt ', 279.99, 'Adidas', 'Performance Lite Racer Adapt ', 'Cinza', 120, 40),
	(42, 'Tênis Adidas Performance Energy Cloud 2', 279.90, 'Adidas', 'Performance Energy Cloud 2', 'Preto', 24, 42),
	(43, 'Sapato Social Venetto Lona Jeans', 99.89, 'Venetto', 'Lona Jeans', 'Preto', 50, 43),
	(44, 'Sapato Social Venetto Lona Jeans Preto', 99.89, 'Venetto', 'Lona Jeans', 'Preto', 45, 44),
	(45, 'Bota Azimute Brasil Pedra Adventure', 199.00, 'Azimute', 'Brasil Pedra Adventure', 'Marrom', 15, 34),
	(46, 'Bota Azimute Brasil Pedra Adventure', 199.00, 'Azimute', 'Brasil Pedra Adventure', 'Marrom', 42, 35),
	(47, 'Bota Azimute Brasil Pedra Adventure', 199.00, 'Azimute', 'Brasil Pedra Adventure', 'Marrom', 9, 37),
	(48, 'Bota Azimute Brasil Pedra Adventure', 199.00, 'Azimute', 'Brasil Pedra Adventure', 'Marrom', 21, 42),
	(49, 'Bota Gonew Fenix 2.0', 49.99, 'Gonew', 'Fenix 2.0', 'Bege', 100, 39),
	(50, 'Bota Gonew Fenix 2.0', 49.99, 'Gonew', 'Fenix 2.0', 'Bege', 45, 43),
	(51, 'Sapatilha feminina Moleca com laço e recortes ', 19.99, 'Moleca', 'Sapatilha com laço e recortes ', 'Preto', 15, 35),
	(52, 'Mocassim feminino via uno com micro furos', 29.99, 'Mocassim', 'Via uno com micro furos', 'Branco', 52, 36),
	(53, 'Mocassim feminino via uno com micro furos', 29.99, 'Mocassim', 'Via uno com micro furos', 'Branco', 25, 38),
	(54, 'Espadrille feminino Moleca', 23.00, 'Moleca', 'Espadrille', 'Caramelo', 38, 37),
	(55, 'Espadrille feminino Moleca', 23.00, 'Moleca', 'Espadrille', 'Caramelo', 50, 39),
	(56, 'Tênis Vans Chapman Stripe', 299.90, 'Vans', 'Chapman Stripe', 'Azul-Marinho', 120, 38),
	(57, 'Tênis Vans Chapman Stripe', 299.90, 'Vans', 'Chapman Stripe', 'Azul-Marinho', 102, 41),
	(58, 'Tênis Vans Chapman Stripe', 299.90, 'Vans', 'Chapman Stripe', 'Azul-Marinho', 85, 43);
/*!40000 ALTER TABLE `calcado` ENABLE KEYS */;

-- Copiando estrutura para tabela projeto.entrada
DROP TABLE IF EXISTS `entrada`;
CREATE TABLE IF NOT EXISTS `entrada` (
  `cod_ent` int(11) NOT NULL AUTO_INCREMENT,
  `cod_cal` int(11) NOT NULL,
  `cod_forn` int(11) NOT NULL,
  `preco_entrada` decimal(10,2) DEFAULT NULL,
  `qtde_entrada` int(11) DEFAULT NULL,
  `dt_entrada` date DEFAULT NULL,
  `cod_recibo` int(11) DEFAULT NULL,
  PRIMARY KEY (`cod_ent`),
  KEY `FK_entrada_produto` (`cod_cal`),
  KEY `FK_entrada_fornecedor` (`cod_forn`),
  KEY `FK_entrada_recibo` (`cod_recibo`),
  CONSTRAINT `FK_entrada_fornecedor` FOREIGN KEY (`cod_forn`) REFERENCES `fornecedor` (`cod_forn`) ON DELETE CASCADE ON UPDATE CASCADE,
  CONSTRAINT `FK_entrada_produto` FOREIGN KEY (`cod_cal`) REFERENCES `calcado` (`cod_cal`) ON DELETE CASCADE ON UPDATE CASCADE,
  CONSTRAINT `FK_entrada_recibo` FOREIGN KEY (`cod_recibo`) REFERENCES `recibo` (`cod_recibo`) ON DELETE CASCADE ON UPDATE CASCADE
) ENGINE=InnoDB AUTO_INCREMENT=45 DEFAULT CHARSET=utf8;

-- Copiando dados para a tabela projeto.entrada: ~20 rows (aproximadamente)
/*!40000 ALTER TABLE `entrada` DISABLE KEYS */;
INSERT INTO `entrada` (`cod_ent`, `cod_cal`, `cod_forn`, `preco_entrada`, `qtde_entrada`, `dt_entrada`, `cod_recibo`) VALUES
	(7, 22, 13, 100.00, 5, '2018-08-22', 24),
	(10, 37, 13, 50.00, 5, '2018-08-22', 24),
	(12, 36, 14, 100.00, 5, '2018-08-22', 25),
	(14, 35, 14, 10.00, 0, '2018-08-22', 25),
	(23, 22, 13, 0.00, 0, '2018-08-22', 24),
	(24, 22, 13, 0.00, 0, '2018-08-22', 24),
	(25, 22, 13, 0.00, 0, '2018-08-22', 24),
	(26, 22, 13, 0.00, 10, '2018-08-22', 24),
	(27, 22, 13, 0.00, 0, '2018-08-22', 24),
	(28, 22, 13, 0.00, 0, '2018-08-22', 24),
	(29, 22, 13, 0.00, 0, '2018-08-22', 24),
	(30, 22, 13, 0.00, 0, '2018-08-22', 24),
	(31, 22, 13, 0.00, 0, '2018-08-22', 24),
	(32, 22, 13, 0.00, 0, '2018-08-22', 24),
	(33, 35, 13, 0.00, 0, '2018-08-22', 24),
	(34, 35, 13, 0.00, 0, '2018-08-22', 24),
	(35, 43, 13, 0.00, 0, '2018-08-22', 24),
	(36, 43, 13, 0.00, 0, '2018-08-22', 24),
	(41, 51, 16, 10.00, 5, '2018-09-20', 32),
	(44, 22, 16, 0.00, 0, '2018-09-20', 32);
/*!40000 ALTER TABLE `entrada` ENABLE KEYS */;

-- Copiando estrutura para tabela projeto.fornecedor
DROP TABLE IF EXISTS `fornecedor`;
CREATE TABLE IF NOT EXISTS `fornecedor` (
  `cod_forn` int(11) NOT NULL AUTO_INCREMENT,
  `nome_forn` varchar(50) DEFAULT NULL,
  `tel_forn` varchar(15) DEFAULT NULL,
  `nome_contato` varchar(50) DEFAULT NULL,
  `cnpj` char(18) DEFAULT NULL,
  PRIMARY KEY (`cod_forn`)
) ENGINE=InnoDB AUTO_INCREMENT=25 DEFAULT CHARSET=utf8;

-- Copiando dados para a tabela projeto.fornecedor: ~12 rows (aproximadamente)
/*!40000 ALTER TABLE `fornecedor` DISABLE KEYS */;
INSERT INTO `fornecedor` (`cod_forn`, `nome_forn`, `tel_forn`, `nome_contato`, `cnpj`) VALUES
	(12, 'REISINGER CALÇADOS S.A.', '(21)97911-2953', 'Jonas / João', '85.736.256/0001-14'),
	(13, 'CENTRAL CALÇADOS', '(11)95961-4908', 'Eduardo Oliveira', '03.166.502/0001-85'),
	(14, 'CLOVIS CALÇADOS', '(11)3327-3327', 'Alex Cardoso', '81.805.986/0001-79'),
	(15, 'LEBEL DISTRIBUIDORA', '(21)2751-2472', 'Nicolas Cardoso', '07.688.437/0001-09'),
	(16, 'AVANCY DISTRIBUIDORA', '(11)2693-0222', 'Luan Souza', '77.619.978/0001-60'),
	(18, 'DIVITA CALÇADOS', '(21)2264-0858', 'Júlio Fernandes', '06.928.622/0001-60'),
	(19, 'CALÇADOS VICTORINE', '(18)3021-1930', 'Otávio Ribeiro', '91.520.509/0001-10'),
	(20, 'DANIEL ATACADO DE CALÇADOS', '(11)2696-3165', 'Fábio Pereira', '38.527.665/0001-20'),
	(21, 'SÃO ROQUE CALÇADOS', '(11)2692-3742', 'Sarah Cardoso', '99.430.409/0001-05'),
	(22, 'FIORELLA DISTRIBUIDORA DE CALÇADOS', '(15)3359-6988', 'Luana Rocha', '47.518.878/0001-87'),
	(23, 'DESFILE ATACADO DE CALÇADOS', '(21)9872-5464', 'Gabrielle Azevedo', '63.749.247/0001-25'),
	(24, 'DI´STEFANNI ATACADO', '(11)3845-7894', 'Murilo Oliveira', '49.777.792/0001-02');
/*!40000 ALTER TABLE `fornecedor` ENABLE KEYS */;

-- Copiando estrutura para tabela projeto.funcionario
DROP TABLE IF EXISTS `funcionario`;
CREATE TABLE IF NOT EXISTS `funcionario` (
  `mat_func` int(11) NOT NULL AUTO_INCREMENT,
  `nome_func` varchar(50) DEFAULT NULL,
  `cpf_func` varchar(14) DEFAULT NULL,
  `rg` varchar(12) DEFAULT NULL,
  `dt_nasc` date DEFAULT NULL,
  `telefone` varchar(15) DEFAULT NULL,
  `email` varchar(50) DEFAULT NULL,
  `cargo` varchar(50) DEFAULT NULL,
  `sexo` tinyint(4) DEFAULT NULL,
  PRIMARY KEY (`mat_func`)
) ENGINE=InnoDB AUTO_INCREMENT=21 DEFAULT CHARSET=utf8;

-- Copiando dados para a tabela projeto.funcionario: ~11 rows (aproximadamente)
/*!40000 ALTER TABLE `funcionario` DISABLE KEYS */;
INSERT INTO `funcionario` (`mat_func`, `nome_func`, `cpf_func`, `rg`, `dt_nasc`, `telefone`, `email`, `cargo`, `sexo`) VALUES
	(7, 'Jonas', '749.959.997-36', '11.188.631-4', '2001-11-26', '(21)2602-5680', 'jonas@gmail.com', 'Gerente', 1),
	(8, 'João Pedro', '659.618.237-17', '38.292.769-2', '2001-02-02', '(21)2775-2713', 'jao@gmail.com', 'Gerente', 1),
	(9, 'Loide', '851.655.417-11', '45.287.204-2', NULL, '(21)3613-1829', 'loide@gmail.com', '4', 0),
	(10, 'Fausto', '732.305.837-60', '44.913.647-4', NULL, '(21)2617-4596', 'fausto@gmail.com', '3', 1),
	(11, 'João Vitor', '471.942.837-19', '41.150.712-6', NULL, '(21)3700-8379', 'tupi@gmail.com', '2', 1),
	(12, 'Leandro', '621.284.987-08', '16.935.642-5', NULL, '(21)3626-9554', 'leandro@gmail.com', '1', 1),
	(14, 'Pedro', '405.472.437-07', '34.996.028-8', NULL, '(21)3634-8585', 'Jesus@gmail.com', '4', 1),
	(15, 'Israel', '015.565.957-00', '47.401.309-1', NULL, '(21)2775-6903', 'Israel@gmail.com', '2', 1),
	(16, 'Samuel', '968.016.167-65', '15.177.049-9', NULL, '(24)3781-7930', 'Samuel@gmail.com', '0', 1),
	(18, 'Daniel', '049.077.547-01', '32.337.286-7', NULL, '(21)2966-2013', 'daniel@gmail.com', '0', 1),
	(20, 'Victor', '559.625.784-10', '45.892.576-2', NULL, '(21)9548-2684', 'victor@gmai.com', '0', 1);
/*!40000 ALTER TABLE `funcionario` ENABLE KEYS */;

-- Copiando estrutura para procedure projeto.INSERIR_PRODUTO
DROP PROCEDURE IF EXISTS `INSERIR_PRODUTO`;
DELIMITER //
CREATE DEFINER=`root`@`localhost` PROCEDURE `INSERIR_PRODUTO`(IN N VARCHAR(50), IN P DECIMAL(10,2), IN Q INT)
BEGIN
	INSERT INTO PRODUTO VALUES ('0', N, P, Q);
END//
DELIMITER ;

-- Copiando estrutura para tabela projeto.ipedido
DROP TABLE IF EXISTS `ipedido`;
CREATE TABLE IF NOT EXISTS `ipedido` (
  `cod_iped` int(11) NOT NULL AUTO_INCREMENT,
  `cod_cal` int(11) DEFAULT NULL,
  `cod_forn` int(11) DEFAULT NULL,
  `qtde_iped` int(11) NOT NULL,
  `dt_iped` int(11) NOT NULL,
  `cod_ped` int(11) DEFAULT NULL,
  PRIMARY KEY (`cod_iped`),
  KEY `cod_cal2` (`cod_cal`),
  KEY `fk_cod_ped` (`cod_ped`),
  KEY `fk_cod_forn` (`cod_forn`),
  CONSTRAINT `fk_cod_ped` FOREIGN KEY (`cod_ped`) REFERENCES `pedido` (`cod_ped`) ON DELETE CASCADE ON UPDATE CASCADE,
  CONSTRAINT `fk_cod_cal` FOREIGN KEY (`cod_cal`) REFERENCES `calcado` (`cod_cal`),
  CONSTRAINT `fk_cod_forn` FOREIGN KEY (`cod_forn`) REFERENCES `fornecedor` (`cod_forn`)
) ENGINE=InnoDB AUTO_INCREMENT=50 DEFAULT CHARSET=utf8;

-- Copiando dados para a tabela projeto.ipedido: ~22 rows (aproximadamente)
/*!40000 ALTER TABLE `ipedido` DISABLE KEYS */;
INSERT INTO `ipedido` (`cod_iped`, `cod_cal`, `cod_forn`, `qtde_iped`, `dt_iped`, `cod_ped`) VALUES
	(7, 22, 22, 10, 2018, 27),
	(19, 43, 22, 5, 2018, 27),
	(20, 51, 22, 20, 2018, 27),
	(21, 36, 19, 15, 2018, 29),
	(22, 51, 19, 5, 2018, 29),
	(27, 37, 18, 15, 2018, 28),
	(28, 45, 18, 7, 2018, 28),
	(29, 49, 18, 4, 2018, 28),
	(31, 22, 22, 0, 2018, 27),
	(32, 22, 22, 0, 2018, 27),
	(33, 22, 22, 0, 2018, 27),
	(34, 22, 22, 0, 2018, 27),
	(35, 22, 22, 0, 2018, 27),
	(36, 22, 22, 0, 2018, 27),
	(37, 22, 22, 0, 2018, 27),
	(38, 22, 22, 0, 2018, 27),
	(39, 22, 22, 10, 2018, 27),
	(40, 43, 22, 10, 2018, 27),
	(41, 43, 22, 0, 2018, 27),
	(42, 43, 22, 0, 2018, 27),
	(44, 43, 22, 0, 2018, 27);
/*!40000 ALTER TABLE `ipedido` ENABLE KEYS */;

-- Copiando estrutura para procedure projeto.LISTA_RECIBO
DROP PROCEDURE IF EXISTS `LISTA_RECIBO`;
DELIMITER //
CREATE DEFINER=`root`@`localhost` PROCEDURE `LISTA_RECIBO`(
	IN `NC` INT
)
BEGIN
	SELECT COD_RECIBO, COD_FORN, NR_REC_FORN, date_format(DT_EMISSAO, '%d/%m/%Y') as dt_Emissao FROM RECIBO WHERE NR_REC_FORN = NC;
END//
DELIMITER ;

-- Copiando estrutura para tabela projeto.logusu
DROP TABLE IF EXISTS `logusu`;
CREATE TABLE IF NOT EXISTS `logusu` (
  `cod_logusu` int(11) NOT NULL AUTO_INCREMENT,
  `usuario` varchar(20) DEFAULT NULL,
  `atv` text,
  `dthr_atv` datetime DEFAULT NULL,
  PRIMARY KEY (`cod_logusu`)
) ENGINE=InnoDB AUTO_INCREMENT=1016 DEFAULT CHARSET=utf8;

-- Copiando dados para a tabela projeto.logusu: ~897 rows (aproximadamente)
/*!40000 ALTER TABLE `logusu` DISABLE KEYS */;
INSERT INTO `logusu` (`cod_logusu`, `usuario`, `atv`, `dthr_atv`) VALUES
	(220, 'Jonas', 'insert into calcado values (\'0\',\'Cal1\',\'1.00\',\'marca1\',\'modelo1\',\'cor1\',\'10\');', '2018-08-22 17:00:37'),
	(221, 'Jonas', 'insert into calcado values (\'0\',\'Cal2\',\'2.00\',\'marca2\',\'modelo2\',\'cor2\',\'20\');', '2018-08-22 17:00:53'),
	(222, 'Jonas', 'insert into calcado values (\'0\',\'Cal3\',\'3.00\',\'marca3\',\'modelo3\',\'cor3\',\'30\');', '2018-08-22 17:01:08'),
	(223, 'Jonas', 'insert into fornecedor values (\'0\',\'forn1\',\'1111111111\',\'111111111\')', '2018-08-22 17:01:19'),
	(224, 'Jonas', 'insert into fornecedor values (\'0\',\'forn2\',\'2222222\',\'2222222\')', '2018-08-22 17:01:25'),
	(225, 'Jonas', 'insert into fornecedor values (\'0\',\'forn3\',\'33333333\',\'333333\')', '2018-08-22 17:01:32'),
	(226, 'Jonas', 'insert into recibo values (\'0\', \'12\', \'1\', \'2018-08-22\', \'0\');', '2018-08-22 17:01:40'),
	(227, 'Jonas', 'insert into recibo values (\'0\', \'13\', \'2\', \'2018-08-22\', \'0\');', '2018-08-22 17:01:46'),
	(228, 'Jonas', 'insert into recibo values (\'0\', \'14\', \'3\', \'2018-08-22\', \'0\');', '2018-08-22 17:01:51'),
	(229, 'Jonas', 'insert into entrada values (\'0\',\'22\',\'12\', \'1.00\', \'100\', \'2018-08-22\', \'23\');', '2018-08-22 17:02:04'),
	(230, 'Jonas', 'insert into entrada values (\'0\',\'23\',\'13\', \'2.00\', \'100\', \'2018-08-22\', \'24\');', '2018-08-22 17:02:41'),
	(231, 'Jonas', 'insert into entrada values (\'0\',\'24\',\'14\', \'3.00\', \'100\', \'2018-08-22\', \'25\');', '2018-08-22 17:02:52'),
	(232, 'Jonas', 'insert into calcado values (\'0\',\'\',\'\',\'\',\'\',\'\',\'\');', '2018-09-21 15:05:09'),
	(233, 'Jonas', 'insert into calcado values (\'0\',\'\',\'\',\'\',\'\',\'\',\'\');', '2018-09-21 15:05:12'),
	(234, 'Jonas', 'insert into calcado values (\'0\',\'\',\'\',\'\',\'\',\'\',\'\');', '2018-09-21 15:05:15'),
	(235, 'Jonas', 'insert into calcado values (\'0\',\'\',\'\',\'\',\'\',\'\',\'\');', '2018-09-21 15:05:17'),
	(236, 'Jonas', 'insert into calcado values (\'0\',\'\',\'\',\'\',\'\',\'\',\'\');', '2018-09-21 15:05:18'),
	(237, 'Jonas', 'insert into calcado values (\'0\',\'\',\'\',\'\',\'\',\'\',\'\');', '2018-09-21 15:05:20'),
	(238, 'Jonas', 'insert into calcado values (\'0\',\'\',\'\',\'\',\'\',\'\',\'\');', '2018-09-21 15:05:21'),
	(239, 'Jonas', 'insert into calcado values (\'0\',\'\',\'\',\'\',\'\',\'\',\'\');', '2018-09-21 15:05:24'),
	(240, 'Jonas', 'insert into calcado values (\'0\',\'\',\'\',\'\',\'\',\'\',\'\');', '2018-09-21 15:05:27'),
	(241, 'Jonas', 'insert into calcado values (\'0\',\'\',\'\',\'\',\'\',\'\',\'\');', '2018-09-21 15:05:29'),
	(242, 'Jonas', 'insert into calcado values (\'0\',\'\',\'\',\'\',\'\',\'\',\'\');', '2018-09-21 15:05:30'),
	(243, 'Jonas', 'insert into calcado values (\'0\',\'\',\'\',\'\',\'\',\'\',\'\');', '2018-09-21 15:05:32'),
	(244, 'Jonas', 'insert into calcado values (\'0\',\'\',\'\',\'\',\'\',\'\',\'\');', '2018-09-21 15:05:33'),
	(245, 'Jonas', 'insert into calcado values (\'0\',\'\',\'\',\'\',\'\',\'\',\'\');', '2018-09-21 15:05:35'),
	(246, 'Jonas', 'insert into calcado values (\'0\',\'\',\'\',\'\',\'\',\'\',\'\');', '2018-09-21 15:05:36'),
	(247, 'Jonas', 'insert into calcado values (\'0\',\'\',\'\',\'\',\'\',\'\',\'\');', '2018-09-21 15:05:39'),
	(248, 'Jonas', 'insert into calcado values (\'0\',\'\',\'\',\'\',\'\',\'\',\'\');', '2018-09-21 15:05:41'),
	(249, 'Jonas', 'insert into calcado values (\'0\',\'\',\'\',\'\',\'\',\'\',\'\');', '2018-09-21 15:05:44'),
	(250, 'Jonas', 'insert into calcado values (\'0\',\'\',\'\',\'\',\'\',\'\',\'\');', '2018-09-21 15:05:45'),
	(251, 'Jonas', 'delete from calcado where cod_cal = \'43\';', '2018-09-21 15:07:18'),
	(252, 'Jonas', 'delete from calcado where cod_cal = \'42\';', '2018-09-21 15:07:23'),
	(253, 'Jonas', 'delete from calcado where cod_cal = \'25\';', '2018-09-21 15:08:43'),
	(254, 'Jonas', 'delete from calcado where cod_cal = \'29\';', '2018-09-21 15:08:45'),
	(255, 'Jonas', 'delete from calcado where cod_cal = \'33\';', '2018-09-21 15:08:47'),
	(256, 'Jonas', 'delete from calcado where cod_cal = \'34\';', '2018-09-21 15:08:49'),
	(257, 'Jonas', 'delete from calcado where cod_cal = \'31\';', '2018-09-21 15:08:51'),
	(258, 'Jonas', 'delete from calcado where cod_cal = \'30\';', '2018-09-21 15:08:52'),
	(259, 'Jonas', 'delete from calcado where cod_cal = \'28\';', '2018-09-21 15:08:55'),
	(260, 'Jonas', 'delete from calcado where cod_cal = \'32\';', '2018-09-21 15:08:56'),
	(261, 'Jonas', 'delete from calcado where cod_cal = \'26\';', '2018-09-21 15:08:58'),
	(262, 'Jonas', 'delete from calcado where cod_cal = \'40\';', '2018-09-21 15:09:00'),
	(263, 'Jonas', 'delete from calcado where cod_cal = \'41\';', '2018-09-21 15:09:01'),
	(264, 'Jonas', 'delete from calcado where cod_cal = \'39\';', '2018-09-21 15:09:03'),
	(265, 'Jonas', 'delete from calcado where cod_cal = \'38\';', '2018-09-21 15:09:05'),
	(266, 'Jonas', 'delete from calcado where cod_cal = \'36\';', '2018-09-21 15:09:06'),
	(267, 'Jonas', 'delete from calcado where cod_cal = \'27\';', '2018-09-21 15:09:08'),
	(268, 'Jonas', 'delete from calcado where cod_cal = \'35\';', '2018-09-21 15:09:10'),
	(269, 'Jonas', 'delete from calcado where cod_cal = \'37\';', '2018-09-21 15:09:11'),
	(270, 'Jonas', 'insert into entrada values (\'0\',\'22\',\'12\', \'1.00\', \'10\', \'2018-08-22\', \'23\');', '2018-09-21 15:29:29'),
	(271, 'jão', 'insert into usuario values (\'0\',\'João\',\'jão\', \'40bd001563085fc35165329ea1ff5c5ecbdbbeef\',\'joao@gmail.com\',\'5\',\'1\', \'2018-09-21\');', '2018-09-21 16:08:23'),
	(272, 'loide', 'insert into usuario values (\'0\',\'Loide\',\'loide\', \'40bd001563085fc35165329ea1ff5c5ecbdbbeef\',\'loide@gmail.com\',\'4\',\'1\', \'2018-09-21\');', '2018-09-21 16:08:39'),
	(273, 'fausto', 'insert into usuario values (\'0\',\'Fausto\',\'fausto\', \'40bd001563085fc35165329ea1ff5c5ecbdbbeef\',\'fausto@gmail.com\',\'3\',\'1\', \'2018-09-21\');', '2018-09-21 16:09:01'),
	(274, 'tupi', 'insert into usuario values (\'0\',\'João Vitor\',\'tupi\', \'40bd001563085fc35165329ea1ff5c5ecbdbbeef\',\'tupi@gmail.com\',\'2\',\'1\', \'2018-09-21\');', '2018-09-21 16:09:25'),
	(275, 'leandro', 'insert into usuario values (\'0\',\'Leandro\',\'leandro\', \'40bd001563085fc35165329ea1ff5c5ecbdbbeef\',\'leandro@gmail.com\',\'1\',\'1\', \'2018-09-21\');', '2018-09-21 16:09:40'),
	(276, 'jão', 'update usuario set nome=\'João Pedro\',usuario=\'jão\', email=\'joao@gmail.com\',nivel=\'5\', dt_cadastro=now() where id = \'8\';', '2018-09-21 16:09:57'),
	(277, 'loide', 'update usuario set nome=\'Loide\',usuario=\'loide\', email=\'loide@gmail.com\',nivel=\'4\', dt_cadastro=now() where id = \'9\';', '2018-09-21 16:22:38'),
	(278, 'fausto', 'update usuario set nome=\'Fausto\',usuario=\'fausto\', email=\'fausto@gmail.com\',nivel=\'3\', dt_cadastro=now() where id = \'10\';', '2018-09-21 16:22:42'),
	(279, 'tupi', 'update usuario set nome=\'João Vitor\',usuario=\'tupi\', email=\'tupi@gmail.com\',nivel=\'2\', dt_cadastro=now() where id = \'11\';', '2018-09-21 16:22:46'),
	(280, 'leandro', 'update usuario set nome=\'Leandro\',usuario=\'leandro\', email=\'leandro@gmail.com\',nivel=\'1\', dt_cadastro=now() where id = \'12\';', '2018-09-21 16:22:51'),
	(281, 'tupi', 'update usuario set nome=\'João Vitor\',usuario=\'tupi\', email=\'tupi@gmail.com\',nivel=\'2\', dt_cadastro=now() where id = \'11\';', '2018-09-21 16:25:37'),
	(282, 'leandro', 'update usuario set nome=\'Leandro\',usuario=\'leandro\', email=\'leandro@gmail.com\',nivel=\'1\', dt_cadastro=now() where id = \'12\';', '2018-09-21 16:25:41'),
	(283, 'loide', 'update usuario set nome=\'Loide\',usuario=\'loide\', email=\'loide@gmail.com\',nivel=\'4\', dt_cadastro=now() where id = \'9\';', '2018-09-21 16:36:36'),
	(284, 'fausto', 'update usuario set nome=\'Fausto\',usuario=\'fausto\', email=\'fausto@gmail.com\',nivel=\'3\', dt_cadastro=now() where id = \'10\';', '2018-09-21 16:36:41'),
	(285, 'tupi', 'update usuario set nome=\'João Vitor\',usuario=\'tupi\', email=\'tupi@gmail.com\',nivel=\'2\', dt_cadastro=now() where id = \'11\';', '2018-09-21 16:36:45'),
	(286, 'leandro', 'update usuario set nome=\'Leandro\',usuario=\'leandro\', email=\'leandro@gmail.com\',nivel=\'1\', dt_cadastro=now() where id = \'12\';', '2018-09-21 16:36:49'),
	(287, 'Jonas', 'update usuario set ativo=\'0\' where id = \'9\';', '2018-09-21 16:37:12'),
	(288, 'Jonas', 'update usuario set ativo=\'1\' where id = \'9\';', '2018-09-21 16:37:13'),
	(289, 'loide', 'update usuario set nome=\'Loide\',usuario=\'loide\', email=\'loide@gmail.com\',nivel=\'1\', dt_cadastro=now() where id = \'9\';', '2018-09-21 16:37:21'),
	(290, 'loide', 'update usuario set nome=\'Loide\',usuario=\'loide\', email=\'loide@gmail.com\',nivel=\'4\', dt_cadastro=now() where id = \'9\';', '2018-09-21 16:37:25'),
	(291, 'jao', 'insert into usuario values (\'0\',\'João Pedro\',\'jao\', \'40bd001563085fc35165329ea1ff5c5ecbdbbeef\',\'jao@gmail.com\',\'5\',\'1\', \'2018-09-21\');', '2018-09-21 16:38:26'),
	(292, 'loide', 'insert into usuario values (\'0\',\'Loide\',\'loide\', \'40bd001563085fc35165329ea1ff5c5ecbdbbeef\',\'loide@gmail.com\',\'3\',\'1\', \'2018-09-21\');', '2018-09-21 16:38:44'),
	(293, '', 'insert into usuario values (\'0\',\'\',\'\', \'da39a3ee5e6b4b0d3255bfef95601890afd80709\',\'\',\'3\',\'1\', \'2018-09-21\');', '2018-09-21 16:39:10'),
	(294, '', 'insert into usuario values (\'0\',\'\',\'\', \'da39a3ee5e6b4b0d3255bfef95601890afd80709\',\'\',\'4\',\'1\', \'2018-09-21\');', '2018-09-21 16:41:41'),
	(295, 'loide', 'insert into usuario values (\'0\',\'Loide\',\'loide\', \'40bd001563085fc35165329ea1ff5c5ecbdbbeef\',\'loide@gmail.com\',\'4\',\'1\', \'2018-09-21\');', '2018-09-21 16:42:13'),
	(296, 'fausto', 'insert into usuario values (\'0\',\'Fausto\',\'fausto\', \'40bd001563085fc35165329ea1ff5c5ecbdbbeef\',\'fausto@gmail.com\',\'3\',\'1\', \'2018-09-21\');', '2018-09-21 16:42:31'),
	(297, 'tupi', 'insert into usuario values (\'0\',\'João Vitor\',\'tupi\', \'40bd001563085fc35165329ea1ff5c5ecbdbbeef\',\'tupi@gmail.com\',\'2\',\'1\', \'2018-09-21\');', '2018-09-21 16:42:50'),
	(298, 'leandro', 'insert into usuario values (\'0\',\'Leandro\',\'leandro\', \'40bd001563085fc35165329ea1ff5c5ecbdbbeef\',\'leandro@gmail.com\',\'1\',\'1\', \'2018-09-21\');', '2018-09-21 16:43:06'),
	(299, 'Jonas', 'update usuario set ativo=\'0\' where id = \'13\';', '2018-09-21 16:43:25'),
	(300, 'Jonas', 'update usuario set ativo=\'1\' where id = \'13\';', '2018-09-21 16:43:44'),
	(301, 'Jonas', 'update usuario set ativo=\'0\' where id = \'13\';', '2018-09-21 16:43:46'),
	(302, 'loide', 'update usuario set nome=\'Loide\',usuario=\'loide\', email=\'loide@gmail.com\',nivel=\'4\', dt_cadastro=now() where id = \'17\';', '2018-09-21 16:49:13'),
	(303, 'loide', 'update usuario set nome=\'Loide\',usuario=\'loide\', email=\'loide@gmail.com\',nivel=\'4\', dt_cadastro=now() where id = \'17\';', '2018-09-21 16:51:19'),
	(304, 'loide', 'update usuario set nome=\'Loide\',usuario=\'loide\', email=\'loide@gmail.com\',nivel=\'4\', dt_cadastro=now() where id = \'17\';', '2018-09-21 16:51:24'),
	(305, 'Jonas', 'update usuario set ativo=\'1\' where id = \'13\';', '2018-09-21 16:56:07'),
	(306, 'loide', 'insert into usuario values (\'0\',\'Loide\',\'loide\', \'40bd001563085fc35165329ea1ff5c5ecbdbbeef\',\'loide@gmail.com\',\'4\',\'1\', \'2018-09-21\');', '2018-09-21 16:56:29'),
	(307, 'loide', 'update usuario set nome=\'Loide\',usuario=\'loide\', email=\'loide@gmail.com\',nivel=\'4\', dt_cadastro=now() where id = \'21\';', '2018-09-21 17:08:38'),
	(308, 'fausto', 'insert into usuario values (\'0\',\'Fausto\',\'fausto\', \'40bd001563085fc35165329ea1ff5c5ecbdbbeef\',\'fausto@gmail.com\',\'3\',\'1\', \'2018-09-22\');', '2018-09-22 07:33:06'),
	(309, 'tupi', 'insert into usuario values (\'0\',\'João Vitor\',\'tupi\', \'40bd001563085fc35165329ea1ff5c5ecbdbbeef\',\'tupi@gmail.com\',\'2\',\'1\', \'2018-09-22\');', '2018-09-22 07:33:24'),
	(310, 'leandro', 'insert into usuario values (\'0\',\'Leandro\',\'leandro\', \'40bd001563085fc35165329ea1ff5c5ecbdbbeef\',\'leandro@gmail.com\',\'1\',\'1\', \'2018-09-22\');', '2018-09-22 07:33:39'),
	(311, 'Jonas', 'insert into entrada values (\'0\',\'22\',\'12\', \'1.00\', \'10\', \'2018-08-22\', \'23\');', '2018-09-22 07:55:05'),
	(312, 'Jonas', 'insert into entrada values (\'0\',\'23\',\'13\', \'2.00\', \'30\', \'2018-08-22\', \'24\');', '2018-09-22 07:55:59'),
	(313, 'Jonas', 'insert into entrada values (\'0\',\'23\',\'13\', \'1.00\', \'20\', \'2018-08-22\', \'24\');', '2018-09-22 07:59:12'),
	(314, 'Jonas', 'insert into entrada values (\'0\',\'24\',\'14\', \'2.00\', \'30\', \'2018-08-22\', \'25\');', '2018-09-22 08:42:27'),
	(315, 'Jonas', 'insert into entrada values (\'0\',\'24\',\'14\', \'3.50\', \'30\', \'2018-08-22\', \'25\');', '2018-09-22 08:45:18'),
	(316, 'Jonas', 'insert into entrada values (\'0\',\'24\',\'14\', \'1.00\', \'100\', \'2018-08-22\', \'25\');', '2018-09-22 08:54:18'),
	(317, 'Jonas', 'update usuario set ativo=\'0\' where id = \'7\';', '2018-09-22 09:23:18'),
	(318, 'Jonas', 'update usuario set ativo=\'1\' where id = \'7\';', '2018-09-22 09:23:19'),
	(319, 'jonas', 'update usuario set nome=\'Jonas\',usuario=\'jonas\', email=\'jonas@gmail.com\',nivel=\'5\', dt_cadastro=now() where id = \'7\';', '2018-09-22 09:23:49'),
	(320, 'jonas', 'update usuario set nome=\'Jonas\',usuario=\'jonas\', email=\'jonas@gmail.com\',nivel=\'5\', dt_cadastro=now() where id = \'7\';', '2018-09-22 09:23:54'),
	(321, 'Jonas', 'insert into entrada values (\'0\',\'22\',\'12\', \'1.00\', \'1\', \'2018-08-22\', \'23\');', '2018-09-22 09:43:12'),
	(322, 'Jonas', 'insert into entrada values (\'0\',\'22\',\'12\', \'\', \'10\', \'2018-08-22\', \'23\');', '2018-09-22 09:43:56'),
	(323, 'Jonas', 'insert into entrada values (\'0\',\'23\',\'13\', \'1.00\', \'10\', \'2018-08-22\', \'24\');', '2018-09-22 09:45:55'),
	(324, 'Jonas', 'update calcado set nome_cal=\'Cal1\', preco_atual=\'1.00\',\r\nmarca=\'marca1\', modelo=\'modelo1\', cor=\'cor1\', qtde_estoque=\'31\', numero=\'34\' where cod_cal = \'22\';', '2018-09-22 10:51:27'),
	(325, 'Jonas', 'update calcado set nome_cal=\'Cal2\', preco_atual=\'2.00\',\r\nmarca=\'marca2\', modelo=\'modelo2\', cor=\'cor2\', qtde_estoque=\'80\', numero=\'35\' where cod_cal = \'23\';', '2018-09-22 10:53:56'),
	(326, 'Jonas', 'update calcado set nome_cal=\'Cal3\', preco_atual=\'3.00\',\r\nmarca=\'marca3\', modelo=\'modelo3\', cor=\'cor3\', qtde_estoque=\'190\', numero=\'40\' where cod_cal = \'24\';', '2018-09-22 10:54:02'),
	(327, 'Jonas', 'update calcado set nome_cal=\'Cal1\', preco_atual=\'1.00\',\r\nmarca=\'marca1\', modelo=\'modelo1\', cor=\'cor1\', qtde_estoque=\'31\', numero=\'34\' where cod_cal = \'22\';', '2018-09-22 10:56:07'),
	(328, 'Jonas', 'insert into calcado values (\'0\',\'Cal4\',\'4.00\',\'marca4\',\'modelo4\',\'cor4\',\'40\',\'38\');', '2018-09-22 10:57:28'),
	(329, 'Jonas', 'insert into fornecedor values (\'0\',\'forn4\',\'4444444\',\'44444444\')', '2018-09-22 10:57:48'),
	(330, 'Jonas', 'insert into recibo values (\'0\', \'15\', \'4\', \'2018-09-22\', \'0\');', '2018-09-22 10:58:13'),
	(331, 'Jonas', 'insert into entrada values (\'0\',\'44\',\'15\', \'4.00\', \'40\', \'2018-09-22\', \'26\');', '2018-09-22 10:58:31'),
	(332, 'jons', 'update usuario set nome=\'Jonas\',usuario=\'jons\', email=\'jonas@gmail.com\',nivel=\'5\', dt_cadastro=now() where id = \'7\';', '2018-09-22 11:11:03'),
	(333, 'João Pedro', 'insert into recibo values (\'0\', \'15\', \'4\', \'2018-09-20\', \'1\');', '2018-09-26 17:23:27'),
	(334, 'Jonas', 'insert into recibo values (\'0\', \'12\', \'1\', \'2018-09-04\', \'\');', '2018-09-29 08:10:42'),
	(335, 'Jonas', 'delete from recibo where cod_recibo = \'30\';', '2018-09-29 08:10:48'),
	(336, 'Jonas', 'insert into funcionario values (\'0\',\'Jonas\',\'999999999\',\'99999999\',\'999999999\',\'kkkk@gmail.com\',\'Gerente\',\'1\');', '2018-09-29 08:33:32'),
	(337, 'Jonas', 'update funcionario set nome_func=\'Jonas\', cpf_func=\'999999999\',\r\nrg=\'99999999\', telefone=\'999999999\', email=\'kkkk@gmail.com\', cargo=\'Gerente\', sexo=\'1\' where mat_func = \'1\';', '2018-09-29 08:45:15'),
	(338, 'Jonas', 'delete from calcado where cod_cal = \'1\';', '2018-09-29 08:47:15'),
	(339, 'Jonas', 'delete from recibo where cod_recibo = \'28\';', '2018-09-29 08:53:56'),
	(340, 'Jonas', 'delete from recibo where cod_recibo = \'26\';', '2018-09-29 08:54:02'),
	(341, 'Jonas', 'delete from funcionario where mat_func = \'44\';', '2018-09-29 08:54:52'),
	(342, 'Jonas', 'delete from calcado where cod_cal = \'44\';', '2018-09-29 08:55:34'),
	(343, 'Jonas', 'delete from funcionario where mat_func = \'1\';', '2018-09-29 08:55:41'),
	(344, 'Jonas', 'insert into funcionario values (\'0\',\'João\',\'99999\',\'9999999999\',\'999999999\',\'udhuasdba@gmai.com\',\'Algum\',\'1\');', '2018-09-29 08:56:05'),
	(345, 'Jonas', 'update funcionario set nome_func=\'Jonas\', cpf_func=\'99999\',\r\nrg=\'99999999\', telefone=\'999999999\', email=\'udhuasdba@gmai.com\', cargo=\'Algum\', sexo=\'1\' where mat_func = \'2\';', '2018-09-29 08:56:16'),
	(346, 'Jonas', 'delete from funcionario where mat_func = \'2\';', '2018-09-29 08:56:25'),
	(347, 'Jonas', 'insert into funcionario values (\'0\',\'3dfsdf\',\'3524324324\',\'32432423\',\'3423423\',\'gewg@gmail.com\',\'fvewfcasfca\',\'0\');', '2018-09-29 08:56:40'),
	(348, 'Jonas', 'insert into funcionario values (\'0\',\'kkkkkkkkk\',\'999999\',\'99999\',\'99999\',\'gegwef@gmail.com\',\'wfewfwefcew\',\'1\');', '2018-09-29 08:56:57'),
	(349, 'kk', 'insert into usuario values (\'0\',\'4\',\'kk\', \'40bd001563085fc35165329ea1ff5c5ecbdbbeef\',\'1\',\'1\', \'2018-09-29\');', '2018-09-29 10:11:16'),
	(350, 'Jonas', 'insert into funcionario values (\'0\',\'45\',\'99\',\'99\',\'99\',\'99\',\'99\',\'0\');', '2018-09-29 11:51:02'),
	(351, '56', 'insert into usuario values (\'0\',\'5\',\'56\', \'40bd001563085fc35165329ea1ff5c5ecbdbbeef\',\'1\',\'1\', \'2018-09-29\');', '2018-09-29 11:51:15'),
	(352, '45', 'insert into funcionario values (\'0\',\'Jonas\',\'9999999\',\'9999999999999\',\'9999999999\',\'jonas@gmail.com\',\'1\',\'1\');', '2018-10-03 15:05:34'),
	(353, '45', 'delete from funcionario where mat_func = \'3\';', '2018-10-03 15:05:40'),
	(354, '45', 'delete from funcionario where mat_func = \'6\';', '2018-10-03 15:06:03'),
	(355, '45', 'delete from funcionario where mat_func = \'4\';', '2018-10-03 15:06:35'),
	(356, '45', 'insert into funcionario values (\'0\',\'Jonas\',\'999999999999\',\'99999999999\',\'999999999999999\',\'jonas@gmail.com\',\'5\',\'1\');', '2018-10-03 15:07:00'),
	(357, '45', 'insert into funcionario values (\'0\',\'João Pedro\',\'99999999999999\',\'99999999999999\',\'99999999999999\',\'jao@gmail.com\',\'5\',\'1\');', '2018-10-03 15:07:25'),
	(358, '45', 'insert into funcionario values (\'0\',\'Loide\',\'99999999999999\',\'99999999999999\',\'99999999999999\',\'loide@gmail.com\',\'4\',\'0\');', '2018-10-03 15:07:44'),
	(359, '45', 'insert into funcionario values (\'0\',\'Fausto\',\'99999999999999\',\'99999999999999\',\'99999999999999\',\'fausto@gmail.com\',\'3\',\'1\');', '2018-10-03 15:08:05'),
	(360, '45', 'insert into funcionario values (\'0\',\'João Vitor\',\'99999999999999\',\'99999999999999\',\'99999999999999\',\'tupi@gmail.com\',\'2\',\'1\');', '2018-10-03 15:08:23'),
	(361, '45', 'insert into funcionario values (\'0\',\'Leandro\',\'99999999999999\',\'99999999999999\',\'99999999999999\',\'leandro@gmail.com\',\'1\',\'1\');', '2018-10-03 15:08:41'),
	(362, 'Jonas', 'delete from funcionario where mat_func = \'5\';', '2018-10-03 15:14:41'),
	(363, 'Jonas', 'update funcionario set nome_func=\'Leandr\', cpf_func=\'99999999999\',\r\nrg=\'99999999\', telefone=\'99999999999999\', email=\'leandro@gmail.com\', cargo=\'1\', sexo=\'1\' where mat_func = \'12\';', '2018-10-03 15:34:43'),
	(364, 'Jonas', 'update funcionario set nome_func=\'Leandro\', cpf_func=\'99999999999\',\r\nrg=\'99999999\', telefone=\'99999999999999\', email=\'leandro@gmail.com\', cargo=\'1\', sexo=\'1\' where mat_func = \'12\';', '2018-10-03 15:34:56'),
	(365, 'Jonas', 'insert into fornecedor values (\'0\',\'REISINGER CALÇADOS S.A.\',\'21987766554\',\'232320990956\')', '2018-10-03 16:48:36'),
	(366, 'Jonas', 'insert into recibo values (\'0\', \'16\', \'4\', \'2018-03-10\', \'1\');', '2018-10-03 16:49:30'),
	(367, 'Jonas', 'insert into saida values (\'0\',\'32\',\'1\', \'20.00\', \'16\',\'24\');', '2018-10-03 17:07:12'),
	(368, 'Jonas', 'insert into saida values (\'0\',\'32\',\'1\', \'20.00\', \'16\',\'24\');', '2018-10-03 17:16:39'),
	(369, 'Jonas', 'insert into saida values (\'0\',\'32\',\'1\', \'20.00\', \'16\',\'24\');', '2018-10-03 17:16:45'),
	(370, 'Jonas', 'insert into saida values (\'0\',\'32\',\'1\', \'20.00\', \'16\',\'24\');', '2018-10-03 17:16:46'),
	(371, 'Jonas', 'insert into saida values (\'0\',\'32\',\'1\', \'20.00\', \'16\',\'24\');', '2018-10-03 17:16:46'),
	(372, 'Jonas', 'insert into saida values (\'0\',\'32\',\'1\', \'20.00\', \'16\',\'24\');', '2018-10-03 17:16:47'),
	(373, 'Jonas', 'insert into saida values (\'0\',\'32\',\'1\', \'20.00\', \'16\',\'24\');', '2018-10-03 17:16:47'),
	(374, 'Jonas', 'insert into saida values (\'0\',\'32\',\'1\', \'1.00\', \'16\',\'24\');', '2018-10-03 17:21:59'),
	(375, 'Jonas', 'insert into saida values (\'0\',\'32\',\'02\', \'2.22\', \'16\',\'24\');', '2018-10-03 17:37:37'),
	(376, 'Jonas', 'insert into saida values (\'0\',\'32\',\'02\', \'2.22\', \'16\',\'23\');', '2018-10-03 17:38:52'),
	(377, 'Jonas', 'insert into saida values (\'0\',\'32\',\'02\', \'2.22\', \'16\',\'24\');', '2018-10-03 17:39:47'),
	(378, 'Jonas', 'insert into saida values (\'0\',\'32\',\'02\', \'3.33\', \'16\',\'24\');', '2018-10-03 17:41:06'),
	(379, 'Jonas', 'insert into saida values (\'0\',\'32\',\'2\', \'2.22\', \'16\',\'24\');', '2018-10-03 17:42:29'),
	(380, 'Jonas', 'insert into saida values (\'0\',\'32\',\'02\', \'2.22\', \'16\',\'24\');', '2018-10-03 17:44:11'),
	(381, 'Jonas', 'insert into saida values (\'0\',\'32\',\'02\', \'2.22\', \'16\',\'24\');', '2018-10-03 17:44:12'),
	(382, 'Jonas', 'insert into saida values (\'0\',\'32\',\'02\', \'2.22\', \'16\',\'24\');', '2018-10-03 17:45:09'),
	(383, 'Jonas', 'insert into saida values (\'0\',\'32\',\'02\', \'2.22\', \'16\',\'24\');', '2018-10-03 17:48:43'),
	(384, 'Jonas', 'insert into saida values (\'0\',\'32\',\'2\', \'2.22\', \'16\',\'24\');', '2018-10-03 17:48:59'),
	(385, 'Jonas', 'insert into saida values (\'0\',\'32\',\'3\', \'3.33\', \'16\',\'24\');', '2018-10-03 17:51:10'),
	(386, 'Jonas', 'insert into entrada values (\'0\',\'24\',\'12\', \'1.00\', \'5\', \'2018-08-22\', \'23\');', '2018-10-03 17:53:32'),
	(387, 'Jonas', 'insert into entrada values (\'0\',\'23\',\'12\', \'1.00\', \'2\', \'2018-08-22\', \'23\');', '2018-10-03 17:54:38'),
	(388, 'Jonas', 'insert into saida values (\'0\',\'32\',\'2\', \'4.00\', \'16\',\'22\');', '2018-10-03 17:55:11'),
	(389, 'Jonas', 'update funcionario set nome_func=\'Jonas\', cpf_func=\'349.593.947-49\',\r\nrg=\'20.508.160-5\', telefone=\'(21) 3609-2464\', email=\'jonas@gmail.com\', cargo=\'5\', sexo=\'1\' where mat_func = \'7\';', '2018-10-09 14:04:46'),
	(390, 'Jonas', 'update funcionario set nome_func=\'Jonas\', cpf_func=\'664.297.477-86\',\r\nrg=\'19.484.910-7\', telefone=\'(21) 3609-2464\', email=\'jonas@gmail.com\', cargo=\'5\', sexo=\'1\' where mat_func = \'7\';', '2018-10-09 14:05:11'),
	(391, 'Jonas', 'update funcionario set nome_func=\'Jonas\', cpf_func=\'66429747786\',\r\nrg=\'19.484.9\', telefone=\'(21) 3609-2464\', email=\'jonas@gmail.com\', cargo=\'5\', sexo=\'1\' where mat_func = \'7\';', '2018-10-09 14:05:38'),
	(392, 'Jonas', 'update funcionario set nome_func=\'Jonas\', cpf_func=\'66429747786\',\r\nrg=\'194849107\', telefone=\'(21) 3609-2464\', email=\'jonas@gmail.com\', cargo=\'5\', sexo=\'1\' where mat_func = \'7\';', '2018-10-09 14:05:50'),
	(393, 'Jonas', 'update funcionario set nome_func=\'Jonas\', cpf_func=\'66429747786\',\r\nrg=\'194849107\', telefone=\'(21) 3609-2464\', email=\'jonas@gmail.com\', cargo=\'5\', sexo=\'1\' where mat_func = \'7\';', '2018-10-09 14:06:45'),
	(394, 'Jonas', 'update funcionario set nome_func=\'Jonas\', cpf_func=\'66429747786\',\r\nrg=\'194849107\', telefone=\'21 36092464\', email=\'jonas@gmail.com\', cargo=\'5\', sexo=\'1\' where mat_func = \'7\';', '2018-10-09 14:07:15'),
	(395, 'Jonas', 'insert into funcionario values (\'0\',\'\',\'568463876376\',\'\',\'\',\'\',\'\',\'\');', '2018-10-09 14:36:50'),
	(396, 'Jonas', 'delete from funcionario where mat_func = \'13\';', '2018-10-09 14:36:54'),
	(397, 'Jonas', 'insert into funcionario values (\'0\',\'\',\'\',\'\',\'785686874\',\'\',\'\',\'\');', '2018-10-09 14:53:50'),
	(398, 'Jonas', 'delete from funcionario where mat_func = \'14\';', '2018-10-09 14:53:54'),
	(399, 'Jonas', 'insert into funcionario values (\'0\',\'\',\'1242142142142141242141242141242414124\',\'\',\'\',\'\',\'\',\'\');', '2018-10-09 19:12:14'),
	(400, 'Jonas', 'delete from funcionario where mat_func = \'13\';', '2018-10-09 19:12:18'),
	(401, 'Jonas', 'insert into calcado values (\'0\',\'\',\'4654353.45\',\'\',\'34534523523\',\'\',\'\',\'\');', '2018-10-09 19:23:20'),
	(402, 'Jonas', 'delete from calcado where cod_cal = \'25\';', '2018-10-09 19:23:25'),
	(403, 'Jonas', 'insert into calcado values (\'0\',\'\',\'54.44\',\'\',\'\',\'\',\'\',\'\');', '2018-10-09 19:23:28'),
	(404, 'Jonas', 'delete from calcado where cod_cal = \'26\';', '2018-10-09 19:23:32'),
	(405, 'Jonas', 'update recibo set cod_forn=\'16\', nr_rec_forn=\'4\', dt_emissao=\'2018-03-10\', tipo_recibo=\'1\' where cod_recibo = \'32\';', '2018-10-09 19:28:38'),
	(406, 'Jonas', 'insert into funcionario values (\'0\',\'\',\'342.342.343-24\',\'\',\'\',\'\',\'\',\'\');', '2018-10-09 19:43:55'),
	(407, 'Jonas', 'delete from funcionario where mat_func = \'14\';', '2018-10-09 19:44:05'),
	(408, 'Jonas', 'insert into funcionario values (\'0\',\'\',\'342.343.242-34\',\'\',\'\',\'\',\'\',\'\');', '2018-10-09 20:11:41'),
	(409, 'Jonas', 'delete from funcionario where mat_func = \'15\';', '2018-10-09 20:12:06'),
	(410, 'Jonas', 'insert into funcionario values (\'0\',\'\',\'353.523.423-42\',\'\',\'\',\'\',\'\',\'\');', '2018-10-09 20:21:25'),
	(411, 'Jonas', 'update funcionario set nome_func=\'\', cpf_func=\'353.523.423-425\',\r\nrg=\'\', telefone=\'\', email=\'\', cargo=\'\', sexo=\'0\' where mat_func = \'16\';', '2018-10-09 20:22:38'),
	(412, 'Jonas', 'update funcionario set nome_func=\'\', cpf_func=\'353.523.423-425435435\',\r\nrg=\'\', telefone=\'\', email=\'\', cargo=\'\', sexo=\'0\' where mat_func = \'16\';', '2018-10-09 20:22:44'),
	(413, 'Jonas', 'update funcionario set nome_func=\'\', cpf_func=\'353.523.423555\',\r\nrg=\'\', telefone=\'\', email=\'\', cargo=\'\', sexo=\'0\' where mat_func = \'16\';', '2018-10-09 20:22:50'),
	(414, 'Jonas', 'update funcionario set nome_func=\'\', cpf_func=\'749.959.997-36\',\r\nrg=\'\', telefone=\'\', email=\'\', cargo=\'\', sexo=\'0\' where mat_func = \'16\';', '2018-10-09 20:23:02'),
	(415, 'Jonas', 'delete from funcionario where mat_func = \'16\';', '2018-10-09 20:23:28'),
	(416, 'Jonas', 'update funcionario set nome_func=\'Jonas\', cpf_func=\'749.959.997-36\',\r\nrg=\'194849107\', telefone=\'21 36092464\', email=\'jonas@gmail.com\', cargo=\'5\', sexo=\'1\' where mat_func = \'7\';', '2018-10-09 20:23:30'),
	(417, 'Jonas', 'update funcionario set nome_func=\'João Pedro\', cpf_func=\'659.618.237-17\',\r\nrg=\'99999999\', telefone=\'99999999999999\', email=\'jao@gmail.com\', cargo=\'5\', sexo=\'1\' where mat_func = \'8\';', '2018-10-09 20:23:39'),
	(418, 'Jonas', 'update funcionario set nome_func=\'Loide\', cpf_func=\'851.655.417-11\',\r\nrg=\'99999999\', telefone=\'99999999999999\', email=\'loide@gmail.com\', cargo=\'4\', sexo=\'0\' where mat_func = \'9\';', '2018-10-09 20:23:51'),
	(419, 'Jonas', 'update funcionario set nome_func=\'Fausto\', cpf_func=\'732.305.837-60\',\r\nrg=\'99999999\', telefone=\'99999999999999\', email=\'fausto@gmail.com\', cargo=\'3\', sexo=\'1\' where mat_func = \'10\';', '2018-10-09 20:23:59'),
	(420, 'Jonas', 'update funcionario set nome_func=\'João Vitor\', cpf_func=\'471.942.837-19\',\r\nrg=\'99999999\', telefone=\'99999999999999\', email=\'tupi@gmail.com\', cargo=\'2\', sexo=\'1\' where mat_func = \'11\';', '2018-10-09 20:24:06'),
	(421, 'Jonas', 'update funcionario set nome_func=\'Leandro\', cpf_func=\'621.284.987-08\',\r\nrg=\'99999999\', telefone=\'99999999999999\', email=\'leandro@gmail.com\', cargo=\'1\', sexo=\'1\' where mat_func = \'12\';', '2018-10-09 20:24:14'),
	(422, 'Jonas', 'insert into funcionario values (\'0\',\'\',\'563.463.454-55\',\'43.534.544-5\',\'\',\'\',\'\',\'\');', '2018-10-09 20:26:41'),
	(423, 'Jonas', 'delete from funcionario where mat_func = \'17\';', '2018-10-09 20:26:47'),
	(424, 'Jonas', 'update funcionario set nome_func=\'Jonas\', cpf_func=\'749.959.997-36\',\r\nrg=\'11.188.631-4\', telefone=\'21 36092464\', email=\'jonas@gmail.com\', cargo=\'5\', sexo=\'1\' where mat_func = \'7\';', '2018-10-09 20:26:58'),
	(425, 'Jonas', 'update funcionario set nome_func=\'João Pedro\', cpf_func=\'659.618.237-17\',\r\nrg=\'38.292.769-2\', telefone=\'99999999999999\', email=\'jao@gmail.com\', cargo=\'5\', sexo=\'1\' where mat_func = \'8\';', '2018-10-09 20:27:15'),
	(426, 'Jonas', 'update funcionario set nome_func=\'Loide\', cpf_func=\'851.655.417-11\',\r\nrg=\'45.287.204-2\', telefone=\'99999999999999\', email=\'loide@gmail.com\', cargo=\'4\', sexo=\'0\' where mat_func = \'9\';', '2018-10-09 20:27:23'),
	(427, 'Jonas', 'update funcionario set nome_func=\'Fausto\', cpf_func=\'732.305.837-60\',\r\nrg=\'44.913.647-4\', telefone=\'99999999999999\', email=\'fausto@gmail.com\', cargo=\'3\', sexo=\'1\' where mat_func = \'10\';', '2018-10-09 20:27:29'),
	(428, 'Jonas', 'update funcionario set nome_func=\'João Vitor\', cpf_func=\'471.942.837-19\',\r\nrg=\'41.150.712-6\', telefone=\'99999999999999\', email=\'tupi@gmail.com\', cargo=\'2\', sexo=\'1\' where mat_func = \'11\';', '2018-10-09 20:27:35'),
	(429, 'Jonas', 'update funcionario set nome_func=\'Leandro\', cpf_func=\'621.284.987-08\',\r\nrg=\'16.935.642-5\', telefone=\'99999999999999\', email=\'leandro@gmail.com\', cargo=\'1\', sexo=\'1\' where mat_func = \'12\';', '2018-10-09 20:27:41'),
	(430, 'Jonas', 'insert into funcionario values (\'0\',\'\',\'\',\'\',\'(00) 0000-00000\',\'\',\'\',\'\');', '2018-10-09 20:35:25'),
	(431, 'Jonas', 'delete from funcionario where mat_func = \'18\';', '2018-10-09 20:35:28'),
	(432, 'Jonas', 'insert into funcionario values (\'0\',\'\',\'\',\'\',\'457467857857\',\'\',\'\',\'\');', '2018-10-09 20:37:50'),
	(433, 'Jonas', 'delete from funcionario where mat_func = \'19\';', '2018-10-09 20:37:53'),
	(434, 'Jonas', 'update funcionario set nome_func=\'Jonas\', cpf_func=\'749.959.997-36\',\r\nrg=\'11.188.631-4\', telefone=\'99999999999999\', email=\'jonas@gmail.com\', cargo=\'5\', sexo=\'1\' where mat_func = \'7\';', '2018-10-09 21:06:22'),
	(435, 'Jonas', 'insert into fornecedor values (\'0\',\'\',\'\',\'85.736.256/0001-14\')', '2018-10-09 21:09:30'),
	(436, 'Jonas', 'delete from fornecedor where cod_forn = \'17\';', '2018-10-09 21:09:36'),
	(437, 'Jonas', 'update fornecedor set nome_forn =\'forn1\', tel_forn =\'1111111111\', cnpj =\'85.736.256/0001-14\' where cod_forn = \'12\';', '2018-10-09 21:09:45'),
	(438, 'Jonas', 'update fornecedor set nome_forn =\'forn2\', tel_forn =\'2222222\', cnpj =\'03.166.502/0001-85\' where cod_forn = \'13\';', '2018-10-09 21:09:51'),
	(439, 'Jonas', 'update fornecedor set nome_forn =\'forn3\', tel_forn =\'33333333\', cnpj =\'81.805.986/0001-79\' where cod_forn = \'14\';', '2018-10-09 21:09:58'),
	(440, 'Jonas', 'update fornecedor set nome_forn =\'forn4\', tel_forn =\'4444444\', cnpj =\'07.688.437/0001-09\' where cod_forn = \'15\';', '2018-10-09 21:10:04'),
	(441, 'Jonas', 'update fornecedor set nome_forn =\'REISINGER CALÇADOS S.A.\', tel_forn =\'21987766554\', cnpj =\'77.619.978/0001-60\' where cod_forn = \'16\';', '2018-10-09 21:10:10'),
	(442, 'Jonas', 'update recibo set cod_forn=\'12\', nr_rec_forn=\'1\', dt_emissao=\'2018-08-22\', tipo_recibo=\'0\' where cod_recibo = \'23\';', '2018-10-10 01:21:32'),
	(443, 'Jonas', 'update usuario set ativo=\'0\' where id = \'21\';', '2018-10-10 01:22:05'),
	(444, 'Jonas', 'update usuario set ativo=\'1\' where id = \'21\';', '2018-10-10 01:22:07'),
	(445, 'Jonas', 'update usuario set ativo=\'0\' where id = \'21\';', '2018-10-10 01:22:07'),
	(446, 'Jonas', 'update usuario set ativo=\'1\' where id = \'21\';', '2018-10-10 01:22:08'),
	(447, 'Jonas', 'update calcado set nome_cal=\'Cal1\', preco_atual=\'R$ 1.00\',\r\nmarca=\'marca1\', modelo=\'modelo1\', cor=\'cor1\', qtde_estoque=\'18\', numero=\'34\' where cod_cal = \'22\';', '2018-10-10 01:26:51'),
	(448, 'Jonas', 'update calcado set nome_cal=\'Cal1\', preco_atual=\'R$ 100\',\r\nmarca=\'marca1\', modelo=\'modelo1\', cor=\'cor1\', qtde_estoque=\'18\', numero=\'34\' where cod_cal = \'22\';', '2018-10-10 01:27:03'),
	(449, 'Jonas', 'update calcado set nome_cal=\'Cal1\', preco_atual=\'100\',\r\nmarca=\'marca1\', modelo=\'modelo1\', cor=\'cor1\', qtde_estoque=\'18\', numero=\'34\' where cod_cal = \'22\';', '2018-10-10 01:27:11'),
	(450, 'Jonas', 'update calcado set nome_cal=\'Cal1\', preco_atual=\'1\',\r\nmarca=\'marca1\', modelo=\'modelo1\', cor=\'cor1\', qtde_estoque=\'18\', numero=\'34\' where cod_cal = \'22\';', '2018-10-10 01:27:14'),
	(451, 'Jonas', 'update calcado set nome_cal=\'Cal1\', preco_atual=\'1.00\',\r\nmarca=\'marca1\', modelo=\'modelo1\', cor=\'cor1\', qtde_estoque=\'18\', numero=\'34\' where cod_cal = \'22\';', '2018-10-10 01:27:49'),
	(452, 'Jonas', 'update calcado set nome_cal=\'Tênis Nike Nightgazer Masculino\', preco_atual=\'1.00\',\r\nmarca=\'Nike\', modelo=\'Nightgazer \', cor=\'Preto e Branco\', qtde_estoque=\'18\', numero=\'34\' where cod_cal = \'22\';', '2018-10-10 01:34:35'),
	(453, 'Jonas', 'update calcado set nome_cal=\'Tênis Nike Md Runner 2 Masculino\', preco_atual=\'2.00\',\r\nmarca=\'Nike\', modelo=\'Md Runner 2\', cor=\'Preto e Branco\', qtde_estoque=\'66\', numero=\'35\' where cod_cal = \'23\';', '2018-10-10 01:35:09'),
	(454, 'Jonas', 'update calcado set nome_cal=\'Tênis Kappa Impact Masculino\', preco_atual=\'3.00\',\r\nmarca=\'Kappa\', modelo=\'Impact\', cor=\'Azul e Marinho\', qtde_estoque=\'10\', numero=\'40\' where cod_cal = \'24\';', '2018-10-10 01:35:54'),
	(455, 'Jonas', 'update calcado set nome_cal=\'Tênis Kappa Impact Masculino\', preco_atual=\'79.99\',\r\nmarca=\'Kappa\', modelo=\'Impact\', cor=\'Azul e Marinho\', qtde_estoque=\'10\', numero=\'40\' where cod_cal = \'24\';', '2018-10-10 01:36:30'),
	(456, 'Jonas', 'update calcado set nome_cal=\'Tênis Nike Md Runner 2 Masculino\', preco_atual=\'229.99\',\r\nmarca=\'Nike\', modelo=\'Md Runner 2\', cor=\'Preto e Branco\', qtde_estoque=\'66\', numero=\'35\' where cod_cal = \'23\';', '2018-10-10 01:36:47'),
	(457, 'Jonas', 'update calcado set nome_cal=\'Tênis Nike Nightgazer Masculino\', preco_atual=\'239.99\',\r\nmarca=\'Nike\', modelo=\'Nightgazer \', cor=\'Preto e Branco\', qtde_estoque=\'18\', numero=\'34\' where cod_cal = \'22\';', '2018-10-10 01:37:00'),
	(458, 'Jonas', 'update fornecedor set nome_forn =\'Central Calçados\', tel_forn =\'(11) 95961-4908\', cnpj =\'85.736.256/0001-14\' where cod_forn = \'12\';', '2018-10-10 01:40:13'),
	(459, 'Jonas', 'update fornecedor set nome_forn =\'Central Calçados\', tel_forn =\'(11) 95961-4908\', cnpj =\'85.736.256/0001-14\' where cod_forn = \'12\';', '2018-10-10 01:40:17'),
	(460, 'Jonas', 'update fornecedor set nome_forn =\'Central Calçados\', tel_forn =\'2222222\', cnpj =\'03.166.502/0001-85\' where cod_forn = \'13\';', '2018-10-10 01:41:43'),
	(461, 'Jonas', 'update fornecedor set nome_forn =\'Central Calçados\', tel_forn =\'(11) 95961-4908\', cnpj =\'03.166.502/0001-85\' where cod_forn = \'13\';', '2018-10-10 01:41:49'),
	(462, 'Jonas', 'update fornecedor set nome_forn =\'REISINGER CALÇADOS S.A.\', tel_forn =\'(11) 95961-4908\', cnpj =\'85.736.256/0001-14\' where cod_forn = \'12\';', '2018-10-10 01:41:55'),
	(463, 'Jonas', 'update fornecedor set nome_forn =\'REISINGER CALÇADOS S.A.\', tel_forn =\'(21) 97911-2953\', cnpj =\'85.736.256/0001-14\' where cod_forn = \'12\';', '2018-10-10 01:42:10'),
	(464, 'Jonas', 'update fornecedor set nome_forn =\'REISINGER CALÇADOS S.A.\', tel_forn =\'(21) 97911-2953\', cnpj =\'85.736.256/0001-14\' where cod_forn = \'12\';', '2018-10-10 01:42:15'),
	(465, 'Jonas', 'update fornecedor set nome_forn =\'Avancy Distribuidora\', tel_forn =\'(11) 2693-0222\', cnpj =\'77.619.978/0001-60\' where cod_forn = \'16\';', '2018-10-10 01:42:50'),
	(466, 'Jonas', 'update recibo set cod_forn=\'12\', nr_rec_forn=\'1\', dt_emissao=\'2018-08-22\', tipo_recibo=\'1\' where cod_recibo = \'23\';', '2018-10-10 01:42:59'),
	(467, 'Jonas', 'update recibo set cod_forn=\'16\', nr_rec_forn=\'4\', dt_emissao=\'2018-03-10\', tipo_recibo=\'0\' where cod_recibo = \'32\';', '2018-10-10 01:43:03'),
	(468, 'Jonas', 'update fornecedor set nome_forn =\'AVANCY DISTRIBUIDORA\', tel_forn =\'(11) 2693-0222\', cnpj =\'77.619.978/0001-60\' where cod_forn = \'16\';', '2018-10-10 01:43:24'),
	(469, 'Jonas', 'update fornecedor set nome_forn =\'CENTRAL CALÇADOS\', tel_forn =\'(11) 95961-4908\', cnpj =\'03.166.502/0001-85\' where cod_forn = \'13\';', '2018-10-10 01:43:32'),
	(470, 'Jonas', 'update fornecedor set nome_forn =\'CLOVIS ATACADO\', tel_forn =\'(11) 3327-3327\', cnpj =\'81.805.986/0001-79\' where cod_forn = \'14\';', '2018-10-10 01:44:52'),
	(471, 'Jonas', 'update fornecedor set nome_forn =\'CLOVIS CALÇADOS\', tel_forn =\'(11) 3327-3327\', cnpj =\'81.805.986/0001-79\' where cod_forn = \'14\';', '2018-10-10 01:45:05'),
	(472, 'Jonas', 'update fornecedor set nome_forn =\'LEBEL DISTRIBUIDORA CALÇADOS LTDA\', tel_forn =\'(21) 2751-2472\', cnpj =\'07.688.437/0001-09\' where cod_forn = \'15\';', '2018-10-10 01:46:36'),
	(473, 'Jonas', 'update fornecedor set nome_forn =\'LEBEL DISTRIBUIDORA\', tel_forn =\'(21) 2751-2472\', cnpj =\'07.688.437/0001-09\' where cod_forn = \'15\';', '2018-10-10 01:46:44'),
	(474, 'Jonas', 'update recibo set cod_forn=\'16\', nr_rec_forn=\'4\', dt_emissao=\'2018-09-20\', tipo_recibo=\'0\' where cod_recibo = \'32\';', '2018-10-10 01:47:45'),
	(475, 'Jonas', 'update funcionario set nome_func=\'Jonas\', cpf_func=\'749.959.997-36\',\r\nrg=\'11.188.631-4\', telefone=\'(21) 2602-5680\', email=\'jonas@gmail.com\', cargo=\'5\', sexo=\'1\' where mat_func = \'7\';', '2018-10-10 01:51:02'),
	(476, 'Jonas', 'update funcionario set nome_func=\'João Pedro\', cpf_func=\'659.618.237-17\',\r\nrg=\'38.292.769-2\', telefone=\'(21) 2775-2713\', email=\'jao@gmail.com\', cargo=\'5\', sexo=\'1\' where mat_func = \'8\';', '2018-10-10 01:51:16'),
	(477, 'Jonas', 'update funcionario set nome_func=\'Loide\', cpf_func=\'851.655.417-11\',\r\nrg=\'45.287.204-2\', telefone=\'(21) 3613-1829\', email=\'loide@gmail.com\', cargo=\'4\', sexo=\'0\' where mat_func = \'9\';', '2018-10-10 01:51:25'),
	(478, 'Jonas', 'update funcionario set nome_func=\'Fausto\', cpf_func=\'732.305.837-60\',\r\nrg=\'44.913.647-4\', telefone=\'(21) 2617-4596\', email=\'fausto@gmail.com\', cargo=\'3\', sexo=\'1\' where mat_func = \'10\';', '2018-10-10 01:51:33'),
	(479, 'Jonas', 'update funcionario set nome_func=\'João Vitor\', cpf_func=\'471.942.837-19\',\r\nrg=\'41.150.712-6\', telefone=\'(21) 3700-8379\', email=\'tupi@gmail.com\', cargo=\'2\', sexo=\'1\' where mat_func = \'11\';', '2018-10-10 01:51:40'),
	(480, 'Jonas', 'update funcionario set nome_func=\'Leandro\', cpf_func=\'621.284.987-08\',\r\nrg=\'16.935.642-5\', telefone=\'(21) 3626-9554\', email=\'leandro@gmail.com\', cargo=\'1\', sexo=\'1\' where mat_func = \'12\';', '2018-10-10 01:51:45'),
	(481, 'Jonas', 'update usuario set ativo=\'0\' where id = \'23\';', '2018-10-10 01:52:17'),
	(482, 'Jonas', 'update usuario set ativo=\'0\' where id = \'21\';', '2018-10-10 01:52:18'),
	(483, 'Jonas', 'insert into entrada values (\'0\',\'22\',\'13\', \'20.00\', \'2\', \'2018-08-22\', \'24\');', '2018-10-10 01:53:38'),
	(484, 'Jonas', 'insert into entrada values (\'0\',\'23\',\'13\', \'40.00\', \'4\', \'2018-08-22\', \'24\');', '2018-10-10 01:54:33'),
	(485, 'Jonas', 'insert into entrada values (\'0\',\'24\',\'13\', \'50.00\', \'15\', \'2018-08-22\', \'24\');', '2018-10-10 01:55:10'),
	(486, 'Jonas', 'insert into saida values (\'0\',\'23\',\'5\', \'200.00\', \'12\',\'24\');', '2018-10-10 01:56:16'),
	(487, 'Jonas', 'update funcionario set nome_func=\'Jonas\', cpf_func=\'749.959.997-36\',\r\nrg=\'11.188.631-4\', telefone=\'(21) 2602-5680\', email=\'jonas@gmail.com\', cargo=\'5\', sexo=\'1\' where mat_func = \'7\';', '2018-10-10 02:09:25'),
	(488, 'Jonas', 'update calcado set nome_cal=\'Tênis Nike Nightgazer Masculino\', preco_atual=\'239.99\',\r\nmarca=\'Nike\', modelo=\'Nightgazer \', cor=\'Preto e Branco\', qtde_estoque=\'20\', numero=\'34\' where cod_cal = \'22\';', '2018-10-10 02:12:16'),
	(489, 'Jonas', 'update fornecedor set nome_forn =\'REISINGER CALÇADOS S.A.\', tel_forn =\'(21) 97911-2953\', cnpj =\'85.736.256/0001-14\' where cod_forn = \'12\';', '2018-10-10 02:12:39'),
	(490, 'Jonas', 'update recibo set cod_forn=\'12\', nr_rec_forn=\'1\', dt_emissao=\'2018-08-22\', tipo_recibo=\'1\' where cod_recibo = \'23\';', '2018-10-10 02:12:52'),
	(491, 'Jonas', 'update funcionario set nome_func=\'Jonas\', cpf_func=\'749.959.997-36\',\r\nrg=\'11.188.631-4\', telefone=\'(21) 2602-5680\', email=\'jonas@gmail.com\', cargo=\'5\', sexo=\'1\' where mat_func = \'7\';', '2018-10-10 02:13:03'),
	(492, 'jons', 'update usuario set usuario=\'jons\', nivel=\'5\', dt_cadastro=now() where id = \'7\';', '2018-10-10 02:14:46'),
	(493, 'jons', 'update usuario set usuario=\'jons\', nivel=\'5\', dt_cadastro=now() where id = \'7\';', '2018-10-10 02:14:55'),
	(494, 'jons', 'update usuario set usuario=\'jons\', nivel=\'5\', dt_cadastro=now() where id = \'\';', '2018-10-10 02:19:21'),
	(495, 'Jonas', 'update funcionario set nome_func=\'Jonas\', cpf_func=\'749.959.997-36\',\r\nrg=\'11.188.631-4\', telefone=\'(21) 2602-5680\', email=\'jonas@gmail.com\', cargo=\'5\', sexo=\'1\' where mat_func = \'\';', '2018-10-10 02:21:03'),
	(496, 'Jonas', 'insert into funcionario values (\'0\',\'k\',\'\',\'\',\'\',\'\',\'\',\'\');', '2018-10-10 15:41:09'),
	(497, '', 'insert into usuario values (\'0\',\'13\',\'\', \'da39a3ee5e6b4b0d3255bfef95601890afd80709\',\'1\',\'1\', \'2018-10-10\');', '2018-10-10 15:41:13'),
	(498, 'Jonas', 'delete from usuario where id = \'25\';', '2018-10-10 15:41:16'),
	(499, '', 'insert into usuario values (\'0\',\'13\',\'\', \'da39a3ee5e6b4b0d3255bfef95601890afd80709\',\'1\',\'1\', \'2018-10-10\');', '2018-10-10 15:42:02'),
	(500, 'Jonas', 'delete from usuario where id = \'26\';', '2018-10-10 15:42:05'),
	(501, '', 'insert into usuario values (\'0\',\'13\',\'\', \'da39a3ee5e6b4b0d3255bfef95601890afd80709\',\'1\',\'1\', \'2018-10-10\');', '2018-10-10 15:42:11'),
	(502, 'Jonas', 'delete from usuario where id = \'27\';', '2018-10-10 15:42:54'),
	(503, '', 'insert into usuario values (\'0\',\'13\',\'\', \'da39a3ee5e6b4b0d3255bfef95601890afd80709\',\'1\',\'1\', \'2018-10-10\');', '2018-10-10 15:46:19'),
	(504, 'Jonas', 'update usuario set ativo=\'0\' where id = \'28\';', '2018-10-10 15:46:24'),
	(505, 'Jonas', 'update usuario set ativo=\'1\' where id = \'28\';', '2018-10-10 15:46:24'),
	(506, 'Jonas', 'delete from usuario where id = \'28\';', '2018-10-10 15:46:29'),
	(507, 'Jonas', 'update usuario set ativo=\'0\' where id = \'22\';', '2018-10-10 15:48:10'),
	(508, 'Jonas', 'update usuario set ativo=\'1\' where id = \'22\';', '2018-10-10 15:48:11'),
	(509, '', 'insert into usuario values (\'0\',\'13\',\'\', \'da39a3ee5e6b4b0d3255bfef95601890afd80709\',\'1\',\'1\', \'2018-10-10\');', '2018-10-10 15:48:23'),
	(510, 'Jonas', 'delete from usuario where id = \'29\';', '2018-10-10 15:48:33'),
	(511, 'Jonas', 'delete from funcionario where mat_func = \'13\';', '2018-10-10 15:48:36'),
	(512, 'Jonas', 'insert into funcionario values (\'0\',\'teste\',\'999.999.999-99\',\'99.999.999-9\',\'9999999\',\'alg@gmail.com\',\'13\',\'1\');', '2018-10-10 15:49:23'),
	(513, 'testee', 'insert into usuario values (\'0\',\'14\',\'testee\', \'40bd001563085fc35165329ea1ff5c5ecbdbbeef\',\'5\',\'1\', \'2018-10-10\');', '2018-10-10 15:49:41'),
	(514, 'Jonas', 'update usuario set ativo=\'0\' where id = \'30\';', '2018-10-10 15:49:58'),
	(515, 'Jonas', 'update usuario set ativo=\'1\' where id = \'30\';', '2018-10-10 15:50:10'),
	(516, 'Jonas', 'delete from usuario where id = \'30\';', '2018-10-10 15:50:34'),
	(517, 'Jonas', 'delete from funcionario where mat_func = \'14\';', '2018-10-10 15:50:39'),
	(518, 'Jonas', 'insert into funcionario values (\'0\',\'k\',\'\',\'\',\'\',\'\',\'\',\'\');', '2018-10-10 15:53:15'),
	(519, '', 'insert into usuario values (\'0\',\'15\',\'\', \'da39a3ee5e6b4b0d3255bfef95601890afd80709\',\'1\',\'1\', \'2018-10-10\');', '2018-10-10 15:53:19'),
	(520, 'Jonas', 'delete from usuario where id = \'31\';', '2018-10-10 15:53:23'),
	(521, 'Jonas', 'update usuario set ativo=\'0\' where id = \'24\';', '2018-10-10 15:53:28'),
	(522, 'Jonas', 'update usuario set ativo=\'1\' where id = \'24\';', '2018-10-10 15:53:29'),
	(523, 'Jonas', 'delete from funcionario where mat_func = \'15\';', '2018-10-10 15:53:35'),
	(524, 'Jonas', 'insert into funcionario values (\'0\',\'k\',\'\',\'\',\'\',\'\',\'\',\'\');', '2018-10-10 15:56:36'),
	(525, '', 'insert into usuario values (\'0\',\'16\',\'\', \'da39a3ee5e6b4b0d3255bfef95601890afd80709\',\'1\',\'1\', \'2018-10-10\');', '2018-10-10 15:56:41'),
	(526, '', 'update usuario set usuario=\'\', nivel=\'1\', dt_cadastro=now() where id = \'\';', '2018-10-10 15:56:45'),
	(527, 'Jonas', 'update usuario set ativo=\'0\' where id = \'32\';', '2018-10-10 15:56:50'),
	(528, 'Jonas', 'update usuario set ativo=\'1\' where id = \'32\';', '2018-10-10 15:56:51'),
	(529, 'Jonas', 'delete from usuario where id = \'32\';', '2018-10-10 15:56:53'),
	(530, 'Jonas', 'delete from funcionario where mat_func = \'16\';', '2018-10-10 15:56:59'),
	(531, 'Jonas', 'insert into funcionario values (\'0\',\'k\',\'\',\'\',\'\',\'\',\'\',\'\');', '2018-10-10 17:05:09'),
	(532, '', 'insert into usuario values (\'0\',\'17\',\'\', \'da39a3ee5e6b4b0d3255bfef95601890afd80709\',\'1\',\'1\', \'2018-10-10\');', '2018-10-10 17:05:14'),
	(533, 'Jonas', 'update usuario set ativo=\'0\' where id = \'33\';', '2018-10-10 17:05:18'),
	(534, 'Jonas', 'update usuario set ativo=\'1\' where id = \'33\';', '2018-10-10 17:05:23'),
	(535, 'Jonas', 'delete from usuario where id = \'33\';', '2018-10-10 17:05:28'),
	(536, 'Jonas', 'delete from funcionario where mat_func = \'17\';', '2018-10-10 17:05:37'),
	(537, 'Jonas', 'update funcionario set nome_func=\'Jonas\', cpf_func=\'749.959.997-36\',\r\nrg=\'11.188.631-4\', telefone=\'(21) 2602-5680\', email=\'jonas@gmail.com\', cargo=\'Gerente\', sexo=\'1\' where mat_func = \'\';', '2018-10-17 14:34:12'),
	(538, 'Jonas', 'update funcionario set nome_func=\'Jonas\', cpf_func=\'749.959.997-36\',\r\nrg=\'11.188.631-4\', telefone=\'(21) 2602-5680\', email=\'jonas@gmail.com\', cargo=\'Ge\', sexo=\'1\' where mat_func = \'\';', '2018-10-17 14:34:21'),
	(539, 'jao', 'update usuario set usuario=\'jao\', nivel=\'4\', dt_cadastro=now() where id = \'\';', '2018-10-17 14:34:43'),
	(540, 'jao', 'update usuario set usuario=\'jao\', nivel=\'4\', dt_cadastro=now() where id = \'\';', '2018-10-17 14:34:49'),
	(541, 'Jonas', 'update fornecedor set nome_forn =\'REISINGER CALÇADOS S.A.\', tel_forn =\'(21) 97911-2953\', cnpj =\'85.736.256/0001-1\' where cod_forn = \'\';', '2018-10-17 14:35:07'),
	(542, 'jao', 'update usuario set usuario=\'jao\', nivel=\'4\', dt_cadastro=now() where id = \'\';', '2018-10-17 14:37:06'),
	(543, 'jao', 'update usuario set usuario=\'jao\', nivel=\'4\', dt_cadastro=now() where id = \'\';', '2018-10-17 14:37:46'),
	(544, 'jao', 'update usuario set usuario=\'jao\', nivel=\'4\', dt_cadastro=now() where id = \'\';', '2018-10-17 14:39:28'),
	(545, 'jao', 'update usuario set usuario=\'jao\', nivel=\'4\', dt_cadastro=now() where id = \'\';', '2018-10-17 14:39:39'),
	(546, 'Jonas', 'update funcionario set nome_func=\'Jonas\', cpf_func=\'749.959.997-3\',\r\nrg=\'11.188.631-4\', telefone=\'(21) 2602-5680\', email=\'jonas@gmail.com\', cargo=\'5\', sexo=\'1\' where mat_func = \'\';', '2018-10-17 14:39:47'),
	(547, 'jons', 'update usuario set usuario=\'jons\', nivel=\'5\', dt_cadastro=now() where id = \'7\';', '2018-10-17 14:45:44'),
	(548, 'jons', 'update usuario set usuario=\'jons\', nivel=\'4\', dt_cadastro=now() where id = \'7\';', '2018-10-17 14:45:48'),
	(549, 'jons', 'update usuario set usuario=\'jons\', nivel=\'5\', dt_cadastro=now() where id = \'7\';', '2018-10-17 14:45:51'),
	(550, 'Jonas', 'update calcado set nome_cal=\'Tênis Nike Nightgazer Masculino\', preco_atual=\'239.99\',\r\nmarca=\'Nik\', modelo=\'Nightgazer \', cor=\'Preto e Branco\', qtde_estoque=\'20\', numero=\'34\' where cod_cal = \'\';', '2018-10-17 14:45:57'),
	(551, 'Jonas', 'update calcado set nome_cal=\'Tênis Nike Nightgazer Masculino\', preco_atual=\'239.99\',\r\nmarca=\'Nik\', modelo=\'Nightgazer \', cor=\'Preto e Branco\', qtde_estoque=\'20\', numero=\'34\' where cod_cal = \'22\';', '2018-10-17 14:46:36'),
	(552, 'Jonas', 'update calcado set nome_cal=\'Tênis Nike Nightgazer Masculino\', preco_atual=\'239.99\',\r\nmarca=\'Nike\', modelo=\'Nightgazer \', cor=\'Preto e Branco\', qtde_estoque=\'20\', numero=\'34\' where cod_cal = \'22\';', '2018-10-17 14:46:42'),
	(553, 'Jonas', 'update calcado set nome_cal=\'Tênis Nike Md Runner 2 Masculino\', preco_atual=\'229.99\',\r\nmarca=\'Nik\', modelo=\'Md Runner 2\', cor=\'Preto e Branco\', qtde_estoque=\'70\', numero=\'35\' where cod_cal = \'23\';', '2018-10-17 14:46:45'),
	(554, 'Jonas', 'update calcado set nome_cal=\'Tênis Nike Md Runner 2 Masculino\', preco_atual=\'229.99\',\r\nmarca=\'Nike\', modelo=\'Md Runner 2\', cor=\'Preto e Branco\', qtde_estoque=\'70\', numero=\'35\' where cod_cal = \'23\';', '2018-10-17 14:46:48'),
	(555, 'Jonas', 'update fornecedor set nome_forn =\'REISINGER CALÇADOS S.A\', tel_forn =\'(21) 97911-2953\', cnpj =\'85.736.256/0001-14\' where cod_forn = \'\';', '2018-10-17 14:46:53'),
	(556, 'Jonas', 'update fornecedor set nome_forn =\'CENTRAL CALÇADO\', tel_forn =\'(11) 95961-4908\', cnpj =\'03.166.502/0001-85\' where cod_forn = \'13\';', '2018-10-17 14:47:18'),
	(557, 'Jonas', 'update fornecedor set nome_forn =\'CENTRAL CALÇADOS\', tel_forn =\'(11) 95961-4908\', cnpj =\'03.166.502/0001-85\' where cod_forn = \'13\';', '2018-10-17 14:47:22'),
	(558, 'Jonas', 'update recibo set cod_forn=\'12\', nr_rec_forn=\'10\', dt_emissao=\'2018-08-22\', tipo_recibo=\'1\' where cod_recibo = \'\';', '2018-10-17 14:47:30'),
	(559, 'Jonas', 'update recibo set cod_forn=\'12\', nr_rec_forn=\'10\', dt_emissao=\'2018-08-22\', tipo_recibo=\'1\' where cod_recibo = \'23\';', '2018-10-17 14:47:50'),
	(560, 'Jonas', 'update recibo set cod_forn=\'12\', nr_rec_forn=\'1\', dt_emissao=\'2018-08-22\', tipo_recibo=\'1\' where cod_recibo = \'23\';', '2018-10-17 14:47:52'),
	(561, 'Jonas', 'update funcionario set nome_func=\'Jonas\', cpf_func=\'749.959.997-36\',\r\nrg=\'11.188.631-4\', telefone=\'(21) 2602-5680\', email=\'jonas@gmail.com\', cargo=\'Gerente\', sexo=\'1\' where mat_func = \'\';', '2018-10-17 14:48:04'),
	(562, 'Jonas', 'update funcionario set nome_func=\'Jonas\', cpf_func=\'749.959.997-36\',\r\nrg=\'11.188.631-4\', telefone=\'(21) 2602-5680\', email=\'jonas@gmail.com\', cargo=\'Gerente\', sexo=\'1\' where mat_func = \'7\';', '2018-10-17 14:48:28'),
	(563, 'Jonas', 'update funcionario set nome_func=\'João Pedro\', cpf_func=\'659.618.237-17\',\r\nrg=\'38.292.769-2\', telefone=\'(21) 2775-2713\', email=\'jao@gmail.com\', cargo=\'Gerente\', sexo=\'1\' where mat_func = \'8\';', '2018-10-17 14:48:39'),
	(564, 'Jonas', 'insert into saida values (\'0\',\'24\',\'2\', \'10.00\', \'13\',\'24\');', '2018-10-20 07:32:50'),
	(565, 'Jonas', 'insert into entrada values (\'0\',\'22\',\'14\', \'10.00\', \'10\', \'2018-08-22\', \'25\');', '2018-10-20 07:36:07'),
	(566, 'Jonas', 'insert into entrada values (\'0\',\'23\',\'13\', \'10.00\', \'10\', \'2018-08-22\', \'24\');', '2018-10-20 07:41:08'),
	(567, 'Jonas', 'insert into entrada values (\'0\',\'23\',\'13\', \'10.00\', \'10\', \'2018-08-22\', \'24\');', '2018-10-20 07:41:08'),
	(568, 'Jonas', 'insert into entrada values (\'0\',\'22\',\'14\', \'10.00\', \'10\', \'2018-08-22\', \'25\');', '2018-10-20 07:48:32'),
	(569, 'Jonas', 'insert into entrada values (\'0\',\'22\',\'13\', \'10.00\', \'10\', \'2018-08-22\', \'24\');', '2018-10-20 07:51:53'),
	(570, 'Jonas', 'insert into entrada values (\'0\',\'22\',\'13\', \'10.00\', \'10\', \'2018-08-22\', \'24\');', '2018-10-20 07:51:53'),
	(571, 'Jonas', 'delete from entrada where cod_ent = \'118\';', '2018-10-20 07:51:58'),
	(572, 'Jonas', 'insert into entrada values (\'0\',\'24\',\'13\', \'10.00\', \'12\', \'2018-08-22\', \'24\');', '2018-10-20 07:56:42'),
	(573, 'Jonas', 'delete from entrada where cod_ent = \'127\';', '2018-10-20 07:56:52'),
	(574, 'Jonas', 'insert into saida values (\'0\',\'23\',\'5\', \'10.00\', \'12\',\'24\');', '2018-10-20 08:01:03'),
	(575, 'Jonas', 'insert into saida values (\'0\',\'23\',\'10\', \'100.00\', \'12\',\'22\');', '2018-10-20 08:02:08'),
	(576, 'Jonas', 'delete from saida where cod_saida = \'0\';', '2018-10-20 08:02:13'),
	(577, 'Jonas', 'insert into entrada values (\'0\',\'22\',\'13\', \'10.00\', \'10\', \'2018-08-22\', \'24\');', '2018-10-20 08:05:33'),
	(578, 'Jonas', 'delete from entrada where cod_ent = \'0\';', '2018-10-20 08:05:37'),
	(579, 'Jonas', 'insert into entrada values (\'0\',\'22\',\'13\', \'10.00\', \'10\', \'2018-08-22\', \'24\');', '2018-10-20 08:15:42'),
	(580, 'Jonas', 'delete from entrada where cod_ent = \'0\';', '2018-10-20 08:15:48'),
	(581, 'Jonas', 'insert into entrada values (\'0\',\'22\',\'13\', \'10.00\', \'5\', \'2018-08-22\', \'24\');', '2018-10-20 08:16:59'),
	(582, 'Jonas', 'delete from entrada where cod_ent = \'0\';', '2018-10-20 08:17:02'),
	(583, 'Jonas', 'insert into saida values (\'0\',\'24\',\'5\', \'10.00\', \'13\',\'24\');', '2018-10-20 08:22:07'),
	(584, 'Jonas', 'delete from saida where cod_saida = \'0\';', '2018-10-20 08:22:13'),
	(585, 'Jonas', 'insert into entrada values (\'0\',\'22\',\'13\', \'10.00\', \'5\', \'2018-08-22\', \'24\');', '2018-10-20 08:27:24'),
	(586, 'Jonas', 'delete from entrada where cod_ent = \'0\';', '2018-10-20 08:27:28'),
	(587, 'Jonas', 'insert into entrada values (\'0\',\'23\',\'13\', \'2000.00\', \'37\', \'2018-08-22\', \'24\');', '2018-10-20 08:29:49'),
	(588, 'Jonas', 'delete from entrada where cod_ent = \'0\';', '2018-10-20 08:29:55'),
	(589, 'Jonas', 'insert into entrada values (\'0\',\'23\',\'13\', \'10.00\', \'10\', \'2018-08-22\', \'24\');', '2018-10-20 08:30:14'),
	(590, 'Jonas', 'delete from entrada where cod_ent = \'0\';', '2018-10-20 08:30:27'),
	(591, 'Jonas', 'insert into entrada values (\'0\',\'23\',\'13\', \'10.00\', \'5\', \'2018-08-22\', \'24\');', '2018-10-20 08:31:09'),
	(592, 'Jonas', 'delete from entrada where cod_ent = \'0\';', '2018-10-20 08:31:13'),
	(593, 'Jonas', 'insert into entrada values (\'0\',\'22\',\'13\', \'10.00\', \'10\', \'2018-08-22\', \'24\');', '2018-10-20 08:56:58'),
	(594, 'Jonas', 'delete from entrada where cod_ent = \'0\';', '2018-10-20 08:57:02'),
	(595, 'Jonas', 'insert into entrada values (\'0\',\'22\',\'13\', \'10.00\', \'10\', \'2018-08-22\', \'24\');', '2018-10-20 08:59:00'),
	(596, 'Jonas', 'delete from entrada where cod_ent = \'0\';', '2018-10-20 08:59:05'),
	(597, 'Jonas', 'insert into entrada values (\'0\',\'22\',\'13\', \'10.00\', \'10\', \'2018-08-22\', \'24\');', '2018-10-20 08:59:47'),
	(598, 'Jonas', 'delete from entrada where cod_ent = \'0\';', '2018-10-20 09:00:02'),
	(599, 'Jonas', 'delete from entrada where cod_ent = \'0\';', '2018-10-20 09:01:25'),
	(600, 'Jonas', 'insert into entrada values (\'0\',\'22\',\'13\', \'11.00\', \'2\', \'2018-08-22\', \'24\');', '2018-10-20 09:01:46'),
	(601, 'Jonas', 'insert into fornecedor values (\'0\',\'adghfdsghfdjklg\',\'9918298391839183918391839\',\'918391839183918931938\')', '2018-10-20 11:26:08'),
	(602, 'Jonas', 'delete from fornecedor where cod_forn = \'17\';', '2018-10-20 11:26:13'),
	(603, 'Jonas', 'delete from entrada where cod_ent = \'141\';', '2018-10-24 14:39:42'),
	(604, 'Jonas', 'delete from entrada where cod_ent = \'146\';', '2018-10-24 14:42:28'),
	(605, 'Jonas', 'delete from entrada where cod_ent = \'148\';', '2018-10-24 14:43:34'),
	(606, 'Jonas', 'delete from entrada where cod_ent = \'150\';', '2018-10-24 14:44:07'),
	(607, 'Jonas', 'delete from entrada where cod_ent = \'151\';', '2018-10-24 14:44:47'),
	(608, 'Jonas', 'delete from entrada where cod_ent = \'152\';', '2018-10-24 14:45:16'),
	(609, 'Jonas', 'delete from entrada where cod_ent = \'139\';', '2018-10-24 14:48:53'),
	(610, 'Jonas', 'delete from entrada where cod_ent = \'124\';', '2018-10-24 14:49:39'),
	(611, 'Jonas', 'delete from entrada where cod_ent = \'121\';', '2018-10-24 14:49:44'),
	(612, 'Jonas', 'insert into entrada values (\'0\',\'24\',\'14\', \'7999\', \'20\', \'2018-08-22\', \'25\');', '2018-10-24 14:49:55'),
	(613, 'Jonas', 'delete from entrada where cod_ent = \'157\';', '2018-10-24 14:50:09'),
	(614, 'Jonas', 'insert into entrada values (\'0\',\'23\',\'14\', \'22999\', \'3\', \'2018-08-22\', \'25\');', '2018-10-24 15:11:10'),
	(615, 'Jonas', 'delete from entrada where cod_ent = \'158\';', '2018-10-24 15:13:25'),
	(616, 'Jonas', 'insert into entrada values (\'0\',\'24\',\'14\', \'7999\', \'0\', \'2018-08-22\', \'25\');', '2018-10-24 15:16:51'),
	(617, 'Jonas', 'delete from saida where cod_saida = \'0\';', '2018-10-24 15:39:12'),
	(618, 'Jonas', 'delete from saida where cod_saida = \'0\';', '2018-10-24 15:39:42'),
	(619, 'Jonas', 'delete from saida where cod_saida = \'0\';', '2018-10-24 15:40:06'),
	(620, 'Jonas', 'delete from saida where cod_saida = \'0\';', '2018-10-24 15:41:06'),
	(621, 'Jonas', 'delete from saida where cod_saida = \'0\';', '2018-10-24 15:41:19'),
	(622, 'Jonas', 'delete from saida where cod_saida = \'27\';', '2018-10-24 15:59:17'),
	(623, 'Jonas', 'delete from saida where cod_saida = \'26\';', '2018-10-24 16:10:51'),
	(624, 'Jonas', 'insert into saida values (\'0\',\'23\',\'0\', \'22999\', \'12\',\'23\');', '2018-10-24 16:40:12'),
	(625, 'Jonas', 'delete from saida where cod_saida = \'31\';', '2018-10-24 16:43:32'),
	(626, 'Jonas', 'delete from saida where cod_saida = \'36\';', '2018-10-24 17:59:34'),
	(627, 'Jonas', 'insert into pedido values (\'0\', \'12\', \'2018-10-31\');', '2018-10-31 14:10:18'),
	(628, 'Jonas', 'insert into ipedido values (\'0\', \'5\', \'22\', \'10\');', '2018-10-31 14:11:35'),
	(629, 'Jonas', 'update pedido set cod_forn2=\'12\', dt_ped=\'2018-10-31\' where nr_ped = \'5\';', '2018-10-31 14:38:02'),
	(630, 'Jonas', 'update ipedido set nr_ped=\'5\', cod_cal2=\'22\', qtde_pedido=\'10\' where cod_ipedido = \'5\';', '2018-10-31 14:38:11'),
	(631, 'Jonas', 'insert into pedido values (\'0\', \'14\', \'2018-10-02\');', '2018-10-31 15:27:08'),
	(632, 'Jonas', 'insert into calcado values (\'0\',\'\',\'10.00\',\'\',\'\',\'\',\'\',\'\');', '2018-10-31 17:29:15'),
	(633, 'Jonas', 'delete from calcado where cod_cal = \'25\';', '2018-10-31 17:29:22'),
	(634, 'Jonas', 'insert into calcado values (\'0\',\'\',\'1000000000.00\',\'\',\'\',\'\',\'\',\'\');', '2018-10-31 17:29:29'),
	(635, 'Jonas', 'delete from calcado where cod_cal = \'26\';', '2018-10-31 17:29:50'),
	(636, 'Jonas', 'insert into saida values (\'0\',\'23\',\'0\', \'10460\', \'12\',\'22\');', '2018-10-31 17:30:47'),
	(637, 'Jonas', 'insert into saida values (\'0\',\'23\',\'0\', \'10460\', \'12\',\'22\');', '2018-11-14 17:48:26'),
	(638, 'Jonas', 'insert into fornecedor values (\'0\',\'\',\'(99)9999-9999\',\'99.999.999/9999-99\')', '2018-11-21 15:10:24'),
	(639, 'Jonas', 'delete from fornecedor where cod_forn = \'17\';', '2018-11-21 15:10:34'),
	(640, 'Jonas', 'insert into funcionario values (\'0\',\'\',\'999.999.999-99\',\'99.999.999-9\',\'(99)9999-9999\',\'\',\'\',\'\');', '2018-11-21 15:12:47'),
	(641, 'Jonas', 'delete from funcionario where mat_func = \'13\';', '2018-11-21 15:12:54'),
	(642, 'Jonas', 'insert into calcado values (\'0\',\'\',\'\',\'\',\'\',\'\',\'\',\'\');', '2018-11-21 15:17:44'),
	(643, 'Jonas', 'delete from calcado where cod_cal = \'25\';', '2018-11-21 15:17:48'),
	(644, 'Jonas', 'insert into calcado values (\'0\',\'\',\'69999\',\'\',\'\',\'\',\'\',\'\');', '2018-11-21 15:17:52'),
	(645, 'Jonas', 'insert into calcado values (\'0\',\'\',\'5452778527\',\'\',\'\',\'\',\'\',\'\');', '2018-11-21 15:18:11'),
	(646, 'Jonas', 'delete from calcado where cod_cal = \'27\';', '2018-11-21 15:18:16'),
	(647, 'Jonas', 'delete from calcado where cod_cal = \'26\';', '2018-11-21 15:18:18'),
	(648, 'Jonas', 'insert into calcado values (\'0\',\'\',\'10\',\'\',\'\',\'\',\'\',\'\');', '2018-11-21 15:18:20'),
	(649, 'Jonas', 'delete from calcado where cod_cal = \'28\';', '2018-11-21 15:18:42'),
	(650, 'Jonas', 'insert into saida values (\'0\',\'23\',\'0\', \'10460\', \'12\',\'22\');', '2018-11-21 15:19:15'),
	(651, 'Jonas', 'insert into calcado values (\'0\',\'\',\'21999\',\'\',\'\',\'\',\'\',\'\');', '2018-11-21 15:25:37'),
	(652, 'Jonas', 'delete from calcado where cod_cal = \'29\';', '2018-11-21 15:25:43'),
	(653, 'Jonas', 'insert into calcado values (\'0\',\'\',\'219\',\'\',\'\',\'\',\'\',\'\');', '2018-11-21 15:25:49'),
	(654, 'Jonas', 'delete from calcado where cod_cal = \'30\';', '2018-11-21 15:25:52'),
	(655, 'Jonas', 'insert into calcado values (\'0\',\'\',\'210.10\',\'\',\'\',\'\',\'\',\'\');', '2018-11-21 15:25:58'),
	(656, 'Jonas', 'delete from calcado where cod_cal = \'31\';', '2018-11-21 15:26:01'),
	(657, 'Jonas', 'insert into calcado values (\'0\',\'\',\'219.99\',\'\',\'\',\'\',\'\',\'\');', '2018-11-21 15:26:16'),
	(658, 'Jonas', 'insert into calcado values (\'0\',\'Tênis Asics Gel-Rocket 8 Masculino\',\'219.99\',\'Asics\',\'Gel-Rocket\',\'Branco\',\'50\',\'39\');', '2018-11-21 15:27:25'),
	(659, 'Jonas', 'delete from calcado where cod_cal = \'32\';', '2018-11-21 15:27:29'),
	(660, 'Jonas', 'insert into calcado values (\'0\',\'Tênis Asics Gel-Rocket 8 Masculino\',\'219.99\',\'Asics\',\'Gel-Rocket\',\'Branco\',\'26\',\'41\');', '2018-11-21 15:30:21'),
	(661, 'Jonas', 'insert into calcado values (\'0\',\'Tênis Nike Shox Nz Eu \',\'449.90\',\'Nike\',\'Shox Nz Eu\',\'Preto\',\'80\',\'42\');', '2018-11-21 15:32:18'),
	(662, 'Jonas', 'insert into calcado values (\'0\',\'Tênis Nike Shox Nz Eu\',\'449.90\',\'Nike\',\'Shox Nz Eu\',\'Preto\',\'58\',\'44\');', '2018-11-21 15:32:51'),
	(663, 'Jonas', 'insert into calcado values (\'0\',\'Tênis Olympikus String Masculino\',\'199\',\'Olympikus\',\'String\',\'Marinho\',\'100\',\'40\');', '2018-11-21 15:34:52'),
	(664, 'Jonas', 'insert into calcado values (\'0\',\'Tênis Olympikus String Masculino\',\'199\',\'Olympikus\',\'String\',\'Marinho\',\'68\',\'41\');', '2018-11-21 15:35:54'),
	(665, 'Jonas', 'insert into calcado values (\'0\',\'Tênis Olympikus String Masculino\',\'199\',\'Olympikus\',\'String\',\'Marinho\',\'25\',\'43\');', '2018-11-21 15:36:43'),
	(666, 'Jonas', 'insert into calcado values (\'0\',\'Tênis adidas Performance Lite Racer Adapt \',\'279.99\',\'Adidas\',\'Performance Lite Racer Adapt \',\'Cinza\',\'58\',\'38\');', '2018-11-21 15:41:03'),
	(667, 'Jonas', 'insert into calcado values (\'0\',\'Tênis adidas Performance Lite Racer Adapt \',\'279.99\',\'Adidas\',\'Performance Lite Racer Adapt \',\'Cinza\',\'120\',\'40\');', '2018-11-21 15:42:39'),
	(668, 'Jonas', 'update calcado set nome_cal=\'Tênis Adidas Performance Lite Racer Adapt \', preco_atual=\'279.99\',\r\nmarca=\'Adidas\', modelo=\'Performance Lite Racer Adapt \', cor=\'Cinza\', qtde_estoque=\'58\', numero=\'38\' where cod_cal = \'40\';', '2018-11-21 15:43:31'),
	(669, 'Jonas', 'update calcado set nome_cal=\'Tênis Adidas Performance Lite Racer Adapt \', preco_atual=\'279.99\',\r\nmarca=\'Adidas\', modelo=\'Performance Lite Racer Adapt \', cor=\'Cinza\', qtde_estoque=\'120\', numero=\'40\' where cod_cal = \'41\';', '2018-11-21 15:43:38'),
	(670, 'Jonas', 'insert into calcado values (\'0\',\'Tênis adidas Performance Energy Cloud 2\',\'279.90\',\'Adidas\',\'Performance Energy Cloud 2\',\'Preto\',\'24\',\'42\');', '2018-11-21 15:45:06'),
	(671, 'Jonas', 'update calcado set nome_cal=\'Tênis Adidas Performance Energy Cloud 2\', preco_atual=\'279.90\',\r\nmarca=\'Adidas\', modelo=\'Performance Energy Cloud 2\', cor=\'Preto\', qtde_estoque=\'24\', numero=\'42\' where cod_cal = \'42\';', '2018-11-21 15:45:16'),
	(672, 'Jonas', 'insert into calcado values (\'0\',\'Sapato Social Venetto Lona Jeans\',\'99.89\',\'Venetto\',\'Lona Jeans\',\'Preto\',\'60\',\'43\');', '2018-11-21 15:47:58'),
	(673, 'Jonas', 'insert into calcado values (\'0\',\'Sapato Social Venetto Lona Jeans Preto\',\'99.89\',\'Venetto\',\'Lona Jeans\',\'Preto\',\'45\',\'44\');', '2018-11-21 15:48:40'),
	(674, 'Jonas', 'insert into calcado values (\'0\',\'Bota Azimute Brasil Pedra Adventure\',\'199\',\'Azimute\',\'Brasil Pedra Adventure\',\'Marrom\',\'17\',\'34\');', '2018-11-21 15:53:25'),
	(675, 'Jonas', 'insert into calcado values (\'0\',\'Bota Azimute Brasil Pedra Adventure\',\'199\',\'Azimute\',\'Brasil Pedra Adventure\',\'Marrom\',\'42\',\'35\');', '2018-11-21 15:53:58'),
	(676, 'Jonas', 'insert into calcado values (\'0\',\'Bota Azimute Brasil Pedra Adventure\',\'199\',\'Azimute\',\'Brasil Pedra Adventure\',\'Marrom\',\'9\',\'37\');', '2018-11-21 15:54:20'),
	(677, 'Jonas', 'insert into calcado values (\'0\',\'Bota Azimute Brasil Pedra Adventure\',\'199\',\'Azimute\',\'Brasil Pedra Adventure\',\'Marrom\',\'21\',\'42\');', '2018-11-21 15:54:38'),
	(678, 'Jonas', 'insert into calcado values (\'0\',\'Bota Gonew Fenix 2.0\',\'49.99\',\'Gonew\',\'Fenix 2.0\',\'Bege\',\'100\',\'39\');', '2018-11-21 15:55:57'),
	(679, 'Jonas', 'insert into calcado values (\'0\',\'Bota Gonew Fenix 2.0\',\'49.99\',\'Gonew\',\'Fenix 2.0\',\'Bege\',\'45\',\'43\');', '2018-11-21 15:56:19'),
	(680, 'Jonas', 'insert into calcado values (\'0\',\'Sapatilha feminina Moleca com laço e recortes \',\'19.99\',\'Moleca\',\'Sapatilha com laço e recortes \',\'Preto\',\'20\',\'35\');', '2018-11-21 15:58:16'),
	(681, 'Jonas', 'insert into calcado values (\'0\',\'Mocassim feminino via uno com micro furos\',\'29.99\',\'Mocassim\',\'Via uno com micro furos\',\'Branco\',\'52\',\'36\');', '2018-11-21 15:59:45'),
	(682, 'Jonas', 'insert into calcado values (\'0\',\'Mocassim feminino via uno com micro furos\',\'29.99\',\'Mocassim\',\'Via uno com micro furos\',\'Branco\',\'25\',\'38\');', '2018-11-21 16:00:20'),
	(683, 'Jonas', 'insert into calcado values (\'0\',\'Espadrille feminino Moleca\',\'23\',\'Moleca\',\'Espadrille\',\'Caramelo\',\'38\',\'37\');', '2018-11-21 16:01:53'),
	(684, 'Jonas', 'insert into calcado values (\'0\',\'Espadrille feminino Moleca\',\'23\',\'Moleca\',\'Espadrille\',\'Caramelo\',\'50\',\'39\');', '2018-11-21 16:02:53'),
	(685, 'Jonas', 'insert into calcado values (\'0\',\'Tênis Vans Chapman Stripe\',\'299.90\',\'Vans\',\'Chapman Stripe\',\'Azul-Marinho\',\'120\',\'38\');', '2018-11-21 16:04:03'),
	(686, 'Jonas', 'insert into calcado values (\'0\',\'Tênis Vans Chapman Stripe\',\'299.90\',\'Vans\',\'Chapman Stripe\',\'Azul-Marinho\',\'102\',\'41\');', '2018-11-21 16:04:37'),
	(687, 'Jonas', 'insert into calcado values (\'0\',\'Tênis Vans Chapman Stripe\',\'299.90\',\'Vans\',\'Chapman Stripe\',\'Azul-Marinho\',\'85\',\'43\');', '2018-11-21 16:05:06'),
	(688, 'Jonas', 'insert into fornecedor values (\'0\',\'Divita Calçados\',\'(21)2264-0858\',\'06.928.622/0001-60\')', '2018-11-21 16:09:06'),
	(689, 'Jonas', 'update fornecedor set nome_forn =\'DIVITA CALÇADOS\', tel_forn =\'(21)2264-0858\', cnpj =\'06.928.622/0001-60\' where cod_forn = \'18\';', '2018-11-21 16:09:30'),
	(690, 'Jonas', 'insert into fornecedor values (\'0\',\'CALÇADOS VICTORINE\',\'(18)3021-1930\',\'91.520.509/0001-10\')', '2018-11-21 16:11:40'),
	(691, 'Jonas', 'insert into fornecedor values (\'0\',\'DANIEL ATACADO DE CALÇADOS\',\'(11)2696-3165\',\'38.527.665/0001-20\')', '2018-11-21 16:12:24'),
	(692, 'Jonas', 'insert into fornecedor values (\'0\',\'SÃO ROQUE CALÇADOS\',\'(11)2692-3742\',\'99.430.409/0001-05\')', '2018-11-21 16:13:05'),
	(693, 'Jonas', 'insert into fornecedor values (\'0\',\'FIORELLA DISTRIBUIDORA DE CALÇADOS\',\'(15)3359-6988\',\'47.518.878/0001-87\')', '2018-11-21 16:13:49'),
	(694, 'Jonas', 'insert into fornecedor values (\'0\',\'DESFILE ATACADO DE CALÇADOS\',\'(21)9872-5464\',\'63.749.247/0001-25\')', '2018-11-21 16:16:05'),
	(695, 'Jonas', 'insert into fornecedor values (\'0\',\'DI´STEFANNI ATACADO\',\'(11)3845-7894\',\'49.777.792/0001-02\')', '2018-11-21 16:16:41'),
	(696, 'Jonas', 'insert into recibo values (\'0\', \'18\', \'5\', \'2018-11-21\', \'0\');', '2018-11-21 16:37:58'),
	(697, 'Jonas', 'insert into recibo values (\'0\', \'19\', \'6\', \'2018-11-21\', \'0\');', '2018-11-21 16:38:17'),
	(698, 'Jonas', 'insert into recibo values (\'0\', \'20\', \'7\', \'2018-11-21\', \'0\');', '2018-11-21 16:38:31'),
	(699, 'Jonas', 'insert into recibo values (\'0\', \'21\', \'8\', \'2018-11-21\', \'0\');', '2018-11-21 16:38:46'),
	(700, 'Jonas', 'insert into recibo values (\'0\', \'22\', \'9\', \'2018-11-21\', \'0\');', '2018-11-21 16:39:03'),
	(701, 'Jonas', 'insert into recibo values (\'0\', \'23\', \'10\', \'2018-11-21\', \'0\');', '2018-11-21 16:39:17'),
	(702, 'Jonas', 'insert into recibo values (\'0\', \'24\', \'11\', \'2018-11-21\', \'0\');', '2018-11-21 16:39:33'),
	(703, 'Jonas', 'insert into recibo values (\'0\', \'15\', \'12\', \'2018-11-21\', \'0\');', '2018-11-21 16:40:27'),
	(704, 'Jonas', 'insert into funcionario values (\'0\',\'Pedro de Jesus\',\'405.472.437-07\',\'34.996.028-8\',\'(21)3634-8585\',\'Jesus@gmail.com\',\'0\',\'1\');', '2018-11-21 16:42:39'),
	(705, 'Jonas', 'update funcionario set nome_func=\'Pedro\', cpf_func=\'405.472.437-07\',\r\nrg=\'34.996.028-8\', telefone=\'(21)3634-8585\', email=\'Jesus@gmail.com\', cargo=\'0\', sexo=\'1\' where mat_func = \'14\';', '2018-11-21 16:42:49'),
	(706, 'Jonas', 'insert into funcionario values (\'0\',\'Israel\',\'015.565.957-00\',\'47.401.309-1\',\'(21)2775-6903\',\'Israel@gmail.com\',\'0\',\'1\');', '2018-11-21 16:43:29'),
	(707, 'Jonas', 'insert into funcionario values (\'0\',\'Samuel\',\'968.016.167-65\',\'15.177.049-9\',\'(24)3781-7930\',\'Samuel@gmail.com\',\'0\',\'1\');', '2018-11-21 16:44:07'),
	(708, 'Jonas', 'insert into funcionario values (\'0\',\'Victor\',\'620.315.137-88\',\'17.442.521-1\',\'(21)2655-3560\',\'Victor@gmail.com\',\'0\',\'1\');', '2018-11-21 16:44:57'),
	(709, 'Jonas', 'insert into funcionario values (\'0\',\'Daniel\',\'049.077.547-01\',\'32.337.286-7\',\'(21)2966-2013\',\'daniel@gmail.com\',\'0\',\'1\');', '2018-11-21 16:45:42'),
	(710, 'Pedro', 'insert into usuario values (\'0\',\'14\',\'Pedro\', \'40bd001563085fc35165329ea1ff5c5ecbdbbeef\',\'4\',\'1\', \'2018-11-21\');', '2018-11-21 16:46:31'),
	(711, 'Israel', 'insert into usuario values (\'0\',\'15\',\'Israel\', \'40bd001563085fc35165329ea1ff5c5ecbdbbeef\',\'2\',\'1\', \'2018-11-21\');', '2018-11-21 16:46:53'),
	(712, 'Jonas', 'update usuario set ativo=\'0\' where id = \'26\';', '2018-11-21 16:47:04'),
	(713, 'pedro', 'update usuario set usuario=\'pedro\', nivel=\'4\', dt_cadastro=now() where id = \'25\';', '2018-11-21 16:47:21'),
	(714, 'Jonas', 'update funcionario set nome_func=\'Pedro\', cpf_func=\'405.472.437-07\',\r\nrg=\'34.996.028-8\', telefone=\'(21)3634-8585\', email=\'Jesus@gmail.com\', cargo=\'4\', sexo=\'1\' where mat_func = \'14\';', '2018-11-21 16:47:30'),
	(715, 'Jonas', 'update funcionario set nome_func=\'Israel\', cpf_func=\'015.565.957-00\',\r\nrg=\'47.401.309-1\', telefone=\'(21)2775-6903\', email=\'Israel@gmail.com\', cargo=\'2\', sexo=\'1\' where mat_func = \'15\';', '2018-11-21 16:47:36'),
	(716, 'Jonas', 'delete from ipedido where cod_ipedido = \'5\';', '2018-11-21 16:50:15'),
	(717, 'Jonas', 'delete from pedido where nr_ped = \'5\';', '2018-11-21 16:50:20'),
	(718, 'Jonas', 'delete from pedido where nr_ped = \'6\';', '2018-11-21 16:50:31'),
	(719, 'Jonas', 'insert into pedido values (\'0\', \'14\', \'2018-11-21\');', '2018-11-21 16:50:53'),
	(720, 'Jonas', 'insert into pedido values (\'0\', \'13\', \'2018-11-21\');', '2018-11-21 16:51:14'),
	(721, 'Jonas', 'update pedido set cod_forn2=\'13\', dt_ped=\'2018-11-13\' where nr_ped = \'10\';', '2018-11-21 16:51:21'),
	(722, 'Jonas', 'insert into pedido values (\'0\', \'15\', \'2018-10-16\');', '2018-11-21 16:51:54'),
	(723, 'Jonas', 'insert into pedido values (\'0\', \'16\', \'2018-11-22\');', '2018-11-21 16:52:07'),
	(724, 'Jonas', 'insert into pedido values (\'0\', \'18\', \'2018-11-19\');', '2018-11-21 16:52:16'),
	(725, 'Jonas', 'insert into pedido values (\'0\', \'20\', \'2018-11-29\');', '2018-11-21 16:52:28'),
	(726, 'Jonas', 'insert into pedido values (\'0\', \'22\', \'2018-11-21\');', '2018-11-21 16:52:40'),
	(727, 'Jonas', 'insert into pedido values (\'0\', \'24\', \'2018-11-21\');', '2018-11-21 16:53:06'),
	(728, 'Jonas', 'insert into ipedido values (\'0\', \'10\', \'22\', \'10\');', '2018-11-21 16:55:30'),
	(729, 'Jonas', 'update ipedido set nr_ped=\'10\', cod_cal2=\'22\', qtde_pedido=\'10\' where cod_ipedido = \'6\';', '2018-11-21 17:04:18'),
	(730, 'Jonas', 'update ipedido set nr_ped=\'10\', cod_cal2=\'22\', qtde_pedido=\'10\' where cod_ipedido = \'6\';', '2018-11-21 17:05:10'),
	(731, 'Jonas', 'update ipedido set nr_ped=\'10\', cod_cal2=\'22\', qtde_pedido=\'10\' where cod_ipedido = \'6\';', '2018-11-21 17:05:21'),
	(732, 'Jonas', 'update calcado set nome_cal=\'Tênis Nike Nightgazer Masculino\', preco_atual=\'104.60\',\r\nmarca=\'Nike\', modelo=\'Nightgazer \', cor=\'Preto e Branco\', qtde_estoque=\'105\', numero=\'34\' where cod_cal = \'22\';', '2018-11-21 17:05:22'),
	(733, 'Jonas', 'update ipedido set nr_ped=\'10\', cod_cal2=\'22\', qtde_pedido=\'11\' where cod_ipedido = \'6\';', '2018-11-21 17:20:30'),
	(734, 'Jonas', 'insert into ipedido values (\'0\', \'13\', \'23\', \'50\');', '2018-11-21 17:28:46'),
	(735, 'Jonas', 'delete from ipedido where cod_ipedido = \'8\';', '2018-11-21 17:28:55'),
	(736, 'Jonas', 'update pedido set cod_forn2=\'14\', dt_ped=\'2018-11-21\' where nr_ped = \'9\';', '2018-11-21 17:31:40'),
	(737, 'Jonas', 'update pedido set cod_forn2=\'14\', dt_ped=\'2018-11-21\' where nr_ped = \'9\';', '2018-11-21 17:33:55'),
	(738, 'Jonas', 'update ipedido set nr_ped=\'10\', cod_cal2=\'22\', qtde_pedido=\'11\' where cod_ipedido = \'6\';', '2018-11-21 17:34:07'),
	(739, 'Jonas', 'insert into entrada values (\'0\',\'22\',\'23\', \'10.00\', \'5\', \'2018-11-21\', \'38\');', '2018-11-21 17:34:39'),
	(740, 'Jonas', 'delete from entrada where cod_ent = \'119\';', '2018-11-21 17:35:07'),
	(741, 'Jonas', 'delete from entrada where cod_ent = \'120\';', '2018-11-21 17:35:24'),
	(742, 'Jonas', 'delete from entrada where cod_ent = \'122\';', '2018-11-21 17:35:28'),
	(743, 'Jonas', 'delete from entrada where cod_ent = \'123\';', '2018-11-21 17:35:32'),
	(744, 'Jonas', 'delete from entrada where cod_ent = \'125\';', '2018-11-21 17:35:37'),
	(745, 'Jonas', 'delete from entrada where cod_ent = \'126\';', '2018-11-21 17:35:41'),
	(746, 'Jonas', 'delete from entrada where cod_ent = \'128\';', '2018-11-21 17:35:45'),
	(747, 'Jonas', 'delete from entrada where cod_ent = \'129\';', '2018-11-21 17:36:07'),
	(748, 'Jonas', 'delete from entrada where cod_ent = \'130\';', '2018-11-21 17:36:14'),
	(749, 'Jonas', 'delete from entrada where cod_ent = \'131\';', '2018-11-21 17:36:24'),
	(750, 'Jonas', 'delete from entrada where cod_ent = \'132\';', '2018-11-21 17:36:28'),
	(751, 'Jonas', 'delete from entrada where cod_ent = \'133\';', '2018-11-21 17:36:31'),
	(752, 'Jonas', 'delete from entrada where cod_ent = \'134\';', '2018-11-21 17:36:34'),
	(753, 'Jonas', 'delete from entrada where cod_ent = \'136\';', '2018-11-21 17:36:38'),
	(754, 'Jonas', 'delete from entrada where cod_ent = \'137\';', '2018-11-21 17:36:41'),
	(755, 'Jonas', 'delete from entrada where cod_ent = \'138\';', '2018-11-21 17:36:45'),
	(756, 'Jonas', 'delete from entrada where cod_ent = \'159\';', '2018-11-21 17:36:49'),
	(757, 'Jonas', 'delete from entrada where cod_ent = \'162\';', '2018-11-21 17:36:52'),
	(758, 'Jonas', 'delete from saida where cod_saida = \'24\';', '2018-11-21 17:37:05'),
	(759, 'Jonas', 'delete from saida where cod_saida = \'29\';', '2018-11-21 17:37:14'),
	(760, 'Jonas', 'delete from saida where cod_saida = \'30\';', '2018-11-21 17:37:17'),
	(761, 'Jonas', 'delete from saida where cod_saida = \'31\';', '2018-11-21 17:37:20'),
	(762, 'Jonas', 'delete from entrada where cod_ent = \'163\';', '2018-11-21 17:38:20'),
	(763, 'Jonas', 'delete from saida where cod_saida = \'25\';', '2018-11-21 17:38:41'),
	(764, 'Jonas', 'delete from saida where cod_saida = \'28\';', '2018-11-21 17:38:45'),
	(765, 'Jonas', 'insert into saida values (\'0\',\'23\',\'0\', \'10460\', \'12\',\'22\');', '2018-11-24 09:38:44'),
	(766, 'Jonas', 'insert into saida values (\'0\',\'23\',\'0\', \'10460\', \'12\',\'22\');', '2018-11-24 09:39:20'),
	(767, 'Jonas', 'insert into saida values (\'0\',\'23\',\'0\', \'10460\', \'12\',\'22\');', '2018-11-24 09:40:30'),
	(768, 'Jonas', 'insert into saida values (\'0\',\'23\',\'0\', \'10460\', \'12\',\'22\');', '2018-11-24 09:40:56'),
	(769, 'Jonas', 'delete from saida where cod_saida = \'6\';', '2018-11-24 09:43:14'),
	(770, 'Jonas', 'delete from saida where cod_saida = \'5\';', '2018-11-24 09:43:26'),
	(771, 'Jonas', 'delete from saida where cod_saida = \'4\';', '2018-11-24 09:43:30'),
	(772, 'Jonas', 'delete from saida where cod_saida = \'3\';', '2018-11-24 09:43:33'),
	(773, 'Jonas', 'delete from saida where cod_saida = \'2\';', '2018-11-24 09:43:38'),
	(774, 'Jonas', 'insert into saida values (\'0\',\'23\',\'0\', \'10460\', \'12\',\'22\');', '2018-11-24 10:11:55'),
	(775, 'Jonas', 'update calcado set nome_cal=\'Tênis Nike Nightgazer Masculino\', preco_atual=\'104,60\',\r\nmarca=\'Nike\', modelo=\'Nightgazer \', cor=\'Preto e Branco\', qtde_estoque=\'110\', numero=\'34\' where cod_cal = \'22\';', '2018-11-24 10:12:37'),
	(776, 'Jonas', 'update calcado set nome_cal=\'Tênis Nike Nightgazer Masculino\', preco_atual=\'104.6\',\r\nmarca=\'Nike\', modelo=\'Nightgazer \', cor=\'Preto e Branco\', qtde_estoque=\'110\', numero=\'34\' where cod_cal = \'22\';', '2018-11-24 10:12:46'),
	(777, 'Jonas', 'insert into calcado values (\'0\',\'\',\'10\',\'\',\'\',\'\',\'\',\'\');', '2018-11-24 10:13:20'),
	(778, 'Jonas', 'delete from calcado where cod_cal = \'59\';', '2018-11-24 10:13:27'),
	(779, 'Jonas', 'insert into calcado values (\'0\',\'\',\'10\',\'\',\'\',\'\',\'\',\'\');', '2018-11-24 10:16:00'),
	(780, 'Jonas', 'delete from calcado where cod_cal = \'60\';', '2018-11-24 10:16:05'),
	(781, 'Jonas', 'insert into saida values (\'0\',\'23\',\'0\', \'10460\', \'12\',\'22\');', '2018-11-24 10:18:06'),
	(782, 'Jonas', 'delete from saida where cod_saida = \'36\';', '2018-11-24 10:18:11'),
	(783, 'Jonas', 'delete from saida where cod_saida = \'1\';', '2018-11-24 10:35:54'),
	(784, 'Jonas', 'delete from saida where cod_saida = \'1\';', '2018-11-24 10:35:54'),
	(785, 'Jonas', 'delete from saida where cod_saida = \'22\';', '2018-11-24 10:35:58'),
	(786, 'Jonas', 'delete from saida where cod_saida = \'32\';', '2018-11-24 10:36:02'),
	(787, 'Jonas', 'insert into calcado values (\'0\',\'a\',\'100000\',\'\',\'\',\'\',\'\',\'\');', '2018-11-24 10:47:07'),
	(788, 'Jonas', 'update calcado set nome_cal=\'a\', preco_atual=\'1000.00\',\r\nmarca=\'\', modelo=\'\', cor=\'\', qtde_estoque=\'0\', numero=\'0\' where cod_cal = \'61\';', '2018-11-24 10:47:19'),
	(789, 'Jonas', 'update calcado set nome_cal=\'jonas\', preco_atual=\'1000.00\',\r\nmarca=\'\', modelo=\'\', cor=\'\', qtde_estoque=\'0\', numero=\'0\' where cod_cal = \'61\';', '2018-11-24 10:48:04'),
	(790, 'Jonas', 'delete from saida where cod_saida = \'51\';', '2018-11-24 10:48:33'),
	(791, 'Jonas', 'delete from calcado where cod_cal = \'61\';', '2018-11-24 10:48:39'),
	(792, 'Jonas', 'insert into calcado values (\'0\',\'\',\'10\',\'\',\'\',\'\',\'\',\'\');', '2018-11-24 10:49:31'),
	(793, 'Jonas', 'delete from calcado where cod_cal = \'62\';', '2018-11-24 10:49:35'),
	(794, 'Jonas', 'insert into calcado values (\'0\',\'\',\'10.5\',\'\',\'\',\'\',\'\',\'\');', '2018-11-24 10:49:41'),
	(795, 'Jonas', 'delete from calcado where cod_cal = \'63\';', '2018-11-24 10:49:46'),
	(796, 'Jonas', 'update fornecedor set nome_forn =\'AVANCY DISTRIBUIDORA\', tel_forn =\'(11)2693-0222\', cnpj =\'77.619.978/0001-60\' where cod_forn = \'16\';', '2018-11-24 11:10:05'),
	(797, 'Jonas', 'update fornecedor set nome_forn =\'LEBEL DISTRIBUIDORA\', tel_forn =\'(21)2751-2472\', cnpj =\'07.688.437/0001-09\' where cod_forn = \'15\';', '2018-11-24 11:10:10'),
	(798, 'Jonas', 'update fornecedor set nome_forn =\'CLOVIS CALÇADOS\', tel_forn =\'(11)3327-3327\', cnpj =\'81.805.986/0001-79\' where cod_forn = \'14\';', '2018-11-24 11:10:14'),
	(799, 'Jonas', 'update fornecedor set nome_forn =\'CENTRAL CALÇADOS\', tel_forn =\'(11)95961-4908\', cnpj =\'03.166.502/0001-85\' where cod_forn = \'13\';', '2018-11-24 11:10:17'),
	(800, 'Jonas', 'update fornecedor set nome_forn =\'REISINGER CALÇADOS S.A.\', tel_forn =\'(21)97911-2953\', cnpj =\'85.736.256/0001-14\' where cod_forn = \'12\';', '2018-11-24 11:10:22'),
	(801, 'Jonas', 'update funcionario set nome_func=\'Leandro\', cpf_func=\'621.284.987-08\',\r\nrg=\'16.935.642-5\', telefone=\'(21)3626-9554\', email=\'leandro@gmail.com\', cargo=\'1\', sexo=\'1\' where mat_func = \'12\';', '2018-11-24 11:12:03'),
	(802, 'Jonas', 'update funcionario set nome_func=\'João Vitor\', cpf_func=\'471.942.837-19\',\r\nrg=\'41.150.712-6\', telefone=\'(21)3700-8379\', email=\'tupi@gmail.com\', cargo=\'2\', sexo=\'1\' where mat_func = \'11\';', '2018-11-24 11:12:25'),
	(803, 'Jonas', 'update funcionario set nome_func=\'Fausto\', cpf_func=\'732.305.837-60\',\r\nrg=\'44.913.647-4\', telefone=\'(21)2617-4596\', email=\'fausto@gmail.com\', cargo=\'3\', sexo=\'1\' where mat_func = \'10\';', '2018-11-24 11:12:49'),
	(804, 'Jonas', 'update funcionario set nome_func=\'Loide\', cpf_func=\'851.655.417-11\',\r\nrg=\'45.287.204-2\', telefone=\'(21)3613-1829\', email=\'loide@gmail.com\', cargo=\'4\', sexo=\'0\' where mat_func = \'9\';', '2018-11-24 11:12:53'),
	(805, 'Jonas', 'update funcionario set nome_func=\'João Pedro\', cpf_func=\'659.618.237-17\',\r\nrg=\'38.292.769-2\', telefone=\'(21)2775-2713\', email=\'jao@gmail.com\', cargo=\'Gerente\', sexo=\'1\' where mat_func = \'8\';', '2018-11-24 11:13:03'),
	(806, 'Jonas', 'update funcionario set nome_func=\'Jonas\', cpf_func=\'749.959.997-36\',\r\nrg=\'11.188.631-4\', telefone=\'(21)2602-5680\', email=\'jonas@gmail.com\', cargo=\'Gerente\', sexo=\'1\' where mat_func = \'7\';', '2018-11-24 11:13:07'),
	(807, 'Jonas', 'delete from usuario where id = \'26\';', '2018-11-24 11:13:46'),
	(808, 'israel', 'insert into usuario values (\'0\',\'15\',\'israel\', \'40bd001563085fc35165329ea1ff5c5ecbdbbeef\',\'1\',\'1\', \'2018-11-24\');', '2018-11-24 11:14:13'),
	(809, 'israel', 'update usuario set usuario=\'israel\', nivel=\'2\', dt_cadastro=now() where id = \'27\';', '2018-11-24 11:14:22'),
	(810, 'Jonas', 'update usuario set ativo=\'0\' where id = \'27\';', '2018-11-24 11:14:29'),
	(811, 'Jonas', 'insert into fornecedor values (\'0\',\'teste\',\'(99)9999-9999\',\'99.999.999/9999-99\')', '2018-11-24 11:16:50'),
	(812, 'Jonas', 'insert into recibo values (\'0\', \'25\', \'testee\', \'2018-11-24\', \'1\');', '2018-11-24 11:17:01'),
	(813, 'Jonas', 'delete from fornecedor where cod_forn = \'25\';', '2018-11-24 11:17:13'),
	(814, 'Jonas', 'update fornecedor set nome_forn =\'REISINGER CALÇADOS S.A.\', tel_forn =\'(21)97911-2953\', nome_contato =\'\', cnpj =\'85.736.256/0001-14\' where cod_forn = \'12\';', '2018-11-24 21:14:56'),
	(815, 'Jonas', 'insert into fornecedor values (\'0\',\'TESTE\',\'(99)9999-9999\',\'UM CARA\',\'99.999.999/9999-99\')', '2018-11-24 21:17:52'),
	(816, 'Jonas', 'update fornecedor set nome_forn =\'TESTE\', tel_forn =\'(99)9999-9999\', nome_contato =\'UM CARA\', cnpj =\'99.999.999/9999-99\' where cod_forn = \'26\';', '2018-11-24 21:18:02'),
	(817, 'Jonas', 'delete from fornecedor where cod_forn = \'26\';', '2018-11-24 21:18:06'),
	(818, 'Jonas', 'update fornecedor set nome_forn =\'CENTRAL CALÇADOS\', tel_forn =\'(11)95961-4908\', nome_contato =\'Eduardo Oliveira\', cnpj =\'03.166.502/0001-85\' where cod_forn = \'13\';', '2018-11-24 21:19:27'),
	(819, 'Jonas', 'update fornecedor set nome_forn =\'CLOVIS CALÇADOS\', tel_forn =\'(11)3327-3327\', nome_contato =\'Alex Cardoso\', cnpj =\'81.805.986/0001-79\' where cod_forn = \'14\';', '2018-11-24 21:19:36'),
	(820, 'Jonas', 'update fornecedor set nome_forn =\'LEBEL DISTRIBUIDORA\', tel_forn =\'(21)2751-2472\', nome_contato =\'Nicolas Cardoso\', cnpj =\'07.688.437/0001-09\' where cod_forn = \'15\';', '2018-11-24 21:19:44'),
	(821, 'Jonas', 'update fornecedor set nome_forn =\'AVANCY DISTRIBUIDORA\', tel_forn =\'(11)2693-0222\', nome_contato =\'Luan Souza\', cnpj =\'77.619.978/0001-60\' where cod_forn = \'16\';', '2018-11-24 21:19:54'),
	(822, 'Jonas', 'update fornecedor set nome_forn =\'DIVITA CALÇADOS\', tel_forn =\'(21)2264-0858\', nome_contato =\'Júlio Fernandes\', cnpj =\'06.928.622/0001-60\' where cod_forn = \'18\';', '2018-11-24 21:20:07'),
	(823, 'Jonas', 'update fornecedor set nome_forn =\'CALÇADOS VICTORINE\', tel_forn =\'(18)3021-1930\', nome_contato =\'Otávio Ribeiro\', cnpj =\'91.520.509/0001-10\' where cod_forn = \'19\';', '2018-11-24 21:20:17'),
	(824, 'Jonas', 'update fornecedor set nome_forn =\'DANIEL ATACADO DE CALÇADOS\', tel_forn =\'(11)2696-3165\', nome_contato =\'Fábio Pereira\', cnpj =\'38.527.665/0001-20\' where cod_forn = \'20\';', '2018-11-24 21:20:25'),
	(825, 'Jonas', 'update fornecedor set nome_forn =\'SÃO ROQUE CALÇADOS\', tel_forn =\'(11)2692-3742\', nome_contato =\'Sarah Cardoso\', cnpj =\'99.430.409/0001-05\' where cod_forn = \'21\';', '2018-11-24 21:20:33'),
	(826, 'Jonas', 'update fornecedor set nome_forn =\'FIORELLA DISTRIBUIDORA DE CALÇADOS\', tel_forn =\'(15)3359-6988\', nome_contato =\'Luana Rocha\', cnpj =\'47.518.878/0001-87\' where cod_forn = \'22\';', '2018-11-24 21:20:40'),
	(827, 'Jonas', 'update fornecedor set nome_forn =\'DESFILE ATACADO DE CALÇADOS\', tel_forn =\'(21)9872-5464\', nome_contato =\'Gabrielle Azevedo\', cnpj =\'63.749.247/0001-25\' where cod_forn = \'23\';', '2018-11-24 21:20:50'),
	(828, 'Jonas', 'update fornecedor set nome_forn =\'DI´STEFANNI ATACADO\', tel_forn =\'(11)3845-7894\', nome_contato =\'Murilo Oliveira\', cnpj =\'49.777.792/0001-02\' where cod_forn = \'24\';', '2018-11-24 21:20:59'),
	(829, 'Jonas', 'update fornecedor set nome_forn =\'REISINGER CALÇADOS S.A.\', tel_forn =\'(21)97911-2953\', nome_contato =\'Jonas / João\', cnpj =\'85.736.256/0001-14\' where cod_forn = \'12\';', '2018-11-24 21:21:13'),
	(830, 'Jonas', 'update usuario set ativo=\'1\' where id = \'21\';', '2018-11-24 21:28:39'),
	(831, 'Jonas', 'update usuario set ativo=\'1\' where id = \'23\';', '2018-11-24 21:28:40'),
	(832, 'Jonas', 'update usuario set ativo=\'0\' where id = \'21\';', '2018-11-24 21:29:31'),
	(833, 'Jonas', 'update usuario set ativo=\'0\' where id = \'23\';', '2018-11-24 21:29:32'),
	(834, 'Jonas', 'update usuario set ativo=\'1\' where id = \'21\';', '2018-11-24 21:29:38'),
	(835, 'Jonas', 'update usuario set ativo=\'0\' where id = \'21\';', '2018-11-24 21:29:39'),
	(836, 'Jonas', 'insert into saida values (\'0\',\'23\',\'0\', \'10460\', \'12\',\'22\');', '2018-11-27 22:33:53'),
	(837, 'Jonas', 'insert into saida values (\'0\',\'23\',\'0\', \'\', \'12\',\'36\');', '2018-11-27 22:45:41'),
	(838, 'Jonas', 'delete from saida where cod_saida = \'55\';', '2018-11-27 22:45:49'),
	(839, 'Jonas', 'insert into saida values (\'0\',\'23\',\'0\', \'\', \'12\',\'22\');', '2018-11-27 22:55:06'),
	(840, 'Jonas', 'delete from saida where cod_saida = \'56\';', '2018-11-27 22:55:13'),
	(841, 'Jonas', 'insert into saida values (\'0\',\'23\',\'0\', \'\', \'12\',\'39\');', '2018-11-27 22:55:24'),
	(842, 'Jonas', 'insert into saida values (\'0\',\'23\',\'0\', \'19900\', \'12\',\'37\');', '2018-11-27 22:55:41'),
	(843, 'Jonas', 'delete from saida where cod_saida = \'57\';', '2018-11-27 22:55:44'),
	(844, 'Jonas', 'delete from saida where cod_saida = \'58\';', '2018-11-27 22:55:50'),
	(845, 'Jonas', 'delete from saida where cod_saida = \'54\';', '2018-11-27 22:55:55'),
	(846, 'Jonas', 'update usuario set ativo=\'1\' where id = \'23\';', '2018-11-27 23:16:46'),
	(847, 'Jonas', 'insert into funcionario values (\'0\',\'TESTE\',\'999.999.999-99\',\'99.999.999-9\',\'(99)9999-9999\',\'TESTE@GMAIL.COM\',\'TESTE\',\'0\');', '2018-11-27 23:20:38'),
	(848, 'TESTE', 'insert into usuario values (\'0\',\'19\',\'TESTE\', \'40bd001563085fc35165329ea1ff5c5ecbdbbeef\',\'5\',\'1\', \'2018-11-28\');', '2018-11-27 23:20:51'),
	(849, 'Jonas', 'delete from usuario where id = \'28\';', '2018-11-27 23:22:10'),
	(850, 'Jonas', 'delete from funcionario where mat_func = \'19\';', '2018-11-27 23:22:16'),
	(851, 'Jonas', 'update usuario set ativo=\'1\' where id = \'21\';', '2018-11-27 23:22:58'),
	(852, 'Fausto', 'insert into entrada values (\'0\',\'22\',\'13\', \'100.00\', \'5\', \'2018-08-22\', \'24\');', '2018-11-27 23:24:21'),
	(853, 'Fausto', 'delete from entrada where cod_ent = \'5\';', '2018-11-27 23:24:23'),
	(854, 'Fausto', 'insert into entrada values (\'0\',\'22\',\'13\', \'100.00\', \'5\', \'2018-08-22\', \'24\');', '2018-11-27 23:24:38'),
	(855, 'Jonas', 'update ipedido set nr_ped=\'10\', cod_cal2=\'22\', qtde_pedido=\'11\' where cod_ipedido = \'6\';', '2018-11-27 23:53:25'),
	(856, 'Jonas', 'update ipedido set nr_ped=\'10\', cod_cal2=\'22\', qtde_pedido=\'11\' where cod_ipedido = \'6\';', '2018-11-27 23:53:43'),
	(857, 'Jonas', 'update usuario set ativo=\'0\' where id = \'13\';', '2018-11-28 00:24:03'),
	(858, 'Jonas', 'update usuario set ativo=\'1\' where id = \'13\';', '2018-11-28 00:24:12'),
	(859, 'Jonas', 'delete from funcionario where mat_func = \'17\';', '2018-11-28 09:29:34'),
	(860, 'Jonas', 'insert into funcionario values (\'0\',\'Victor\',\'559.625.784-10\',\'45.892.576-2\',\'(21)9548-2684\',\'victor@gmai.com\',\'0\',\'1\');', '2018-11-28 09:31:32'),
	(861, 'Jonas', 'update funcionario set nome_func=\'Leandro\', cpf_func=\'621.284.987-08\',\r\nrg=\'16.935.642-5\', telefone=\'(21)3626-9554\', email=\'leandro@gmail.com\', cargo=\'1\', sexo=\'1\' where mat_func = \'12\';', '2018-11-28 09:32:30'),
	(862, 'Jonas', 'insert into funcionario values (\'0\',\'kkk\',\'\',\'\',\'\',\'\',\'\',\'\');', '2018-11-28 09:38:11'),
	(863, 'hthrfh', 'insert into usuario values (\'0\',\'21\',\'hthrfh\', \'4ed759c91e771fb736b0aaf649070d597cd6cd2b\',\'1\',\'1\', \'2018-11-28\');', '2018-11-28 09:38:19'),
	(864, 'Jonas', 'delete from funcionario where mat_func = \'21\';', '2018-11-28 09:38:27'),
	(865, 'Jonas', 'update funcionario set nome_func=\'Jonas\', cpf_func=\'749.959.997-36\',\r\nrg=\'11.188.631-4\', telefone=\'(21)2602-5680\', email=\'jonas@gmail.com\', cargo=\'Gerente\', sexo=\'1\' where mat_func = \'7\';', '2018-11-28 10:07:16'),
	(866, 'Jonas', 'update funcionario set nome_func=\'Jonas\', cpf_func=\'749.959.997-36\',\r\nrg=\'11.188.631-4\', dt_nasc=\'2001-11-26\', telefone=\'(21)2602-5680\', email=\'jonas@gmail.com\', cargo=\'Gerente\', sexo=\'1\' where mat_func = \'7\';', '2018-11-28 10:08:40'),
	(867, 'Jonas', 'update funcionario set nome_func=\'Jonas\', cpf_func=\'749.959.997-36\',\r\nrg=\'11.188.631-4\', dt_nasc=\'2001-11-26\', telefone=\'(21)2602-5680\', email=\'jonas@gmail.com\', cargo=\'Gerente\', sexo=\'1\' where mat_func = \'7\';', '2018-11-28 10:16:19'),
	(868, 'Jonas', 'update funcionario set nome_func=\'Jonas\', cpf_func=\'749.959.997-36\',\r\nrg=\'11.188.631-4\', dt_nasc=\'2001-11-26\', telefone=\'(21)2602-5680\', email=\'jonas@gmail.com\', cargo=\'Gerente\', sexo=\'1\' where mat_func = \'7\';', '2018-11-28 10:17:18'),
	(869, 'Jonas', 'update funcionario set nome_func=\'Jonas\', cpf_func=\'749.959.997-36\',\r\nrg=\'11.188.631-4\', dt_nasc=\'2001-11-26\', telefone=\'(21)2602-5680\', email=\'jonas@gmail.com\', cargo=\'Gerente\', sexo=\'1\' where mat_func = \'7\';', '2018-11-28 10:17:52'),
	(870, 'Jonas', 'update funcionario set nome_func=\'Jonas\', cpf_func=\'749.959.997-36\',\r\nrg=\'11.188.631-4\', dt_nasc=\'2001-11-26\', telefone=\'(21)2602-5680\', email=\'jonas@gmail.com\', cargo=\'Gerente\', sexo=\'1\' where mat_func = \'7\';', '2018-11-28 10:18:04'),
	(871, 'Jonas', 'update funcionario set nome_func=\'João Pedro\', cpf_func=\'659.618.237-17\',\r\nrg=\'38.292.769-2\', dt_nasc=\'2001-02-02\', telefone=\'(21)2775-2713\', email=\'jao@gmail.com\', cargo=\'Gerente\', sexo=\'1\' where mat_func = \'8\';', '2018-11-28 10:19:11'),
	(872, 'Jonas', 'insert into saida values (\'0\',\'23\',\'0\', \'44990\', \'12\',\'35\');', '2018-11-28 10:29:05'),
	(873, 'Jonas', 'insert into saida values (\'0\',\'23\',\'5\', \'10460\', \'12\',\'22\');', '2018-11-28 10:37:29'),
	(874, 'Jonas', 'insert into saida values (\'0\',\'23\',\'2\', \'9989\', \'12\',\'43\');', '2018-11-28 10:44:38'),
	(875, 'Jonas', 'insert into entrada values (\'0\',\'37\',\'13\', \'50.00\', \'5\', \'2018-08-22\', \'24\');', '2018-11-28 10:57:06'),
	(876, 'Jonas', 'update ipedido set nr_ped=\'10\', cod_cal2=\'22\', qtde_pedido=\'11\' where cod_ipedido = \'6\';', '2018-11-28 11:43:33'),
	(877, 'Jonas', 'update ipedido set nr_ped=\'10\', cod_cal2=\'22\', qtde_pedido=\'11\' where cod_ipedido = \'6\';', '2018-11-28 11:43:42'),
	(878, 'Jonas', 'insert into ipedido values (\'0\', \'13\', \'22\', \'10\');', '2018-11-28 11:46:28'),
	(879, 'Jonas', 'delete from ipedido where cod_ipedido = \'7\';', '2018-11-28 11:46:49'),
	(880, 'Jonas', 'insert into ipedido values (\'0\', \'10\', \'37\', \'50\');', '2018-11-28 11:47:30'),
	(881, 'Jonas', 'update ipedido set nr_ped=\'10\', cod_cal2=\'37\', qtde_pedido=\'10\' where cod_ipedido = \'7\';', '2018-11-28 11:47:38'),
	(882, 'Jonas', 'update ipedido set nr_ped=\'10\', cod_cal2=\'37\', qtde_pedido=\'100\' where cod_ipedido = \'7\';', '2018-11-28 11:47:45'),
	(883, 'Jonas', 'delete from ipedido where cod_ipedido = \'7\';', '2018-11-28 11:48:38'),
	(884, 'Jonas', 'insert into ipedido values (\'0\', \'14\', \'37\', \'100\');', '2018-11-28 11:48:51'),
	(885, 'Jonas', 'insert into entrada values (\'0\',\'36\',\'14\', \'100.00\', \'5\', \'2018-08-22\', \'25\');', '2018-11-28 20:25:22'),
	(886, 'Jonas', 'delete from pedido where nr_ped = \'9\';', '2018-11-28 22:03:49'),
	(887, 'Jonas', 'delete from pedido where nr_ped = \'10\';', '2018-11-28 22:05:04'),
	(888, 'Jonas', 'delete from pedido where nr_ped = \'11\';', '2018-11-28 22:05:06'),
	(889, 'Jonas', 'delete from pedido where nr_ped = \'12\';', '2018-11-28 22:05:08'),
	(890, 'Jonas', 'delete from pedido where nr_ped = \'13\';', '2018-11-28 22:05:10'),
	(891, 'Jonas', 'delete from pedido where nr_ped = \'14\';', '2018-11-28 22:05:11'),
	(892, 'Jonas', 'delete from pedido where nr_ped = \'15\';', '2018-11-28 22:05:13'),
	(893, 'Jonas', 'delete from pedido where nr_ped = \'16\';', '2018-11-28 22:05:14'),
	(894, 'Jonas', 'insert into pedido values (\'0\', \'13\', \'2018-11-28\');', '2018-11-28 22:05:38'),
	(895, 'Jonas', 'delete from pedido where nr_ped = \'17\';', '2018-11-29 17:46:27'),
	(896, 'Jonas', 'insert into pedido values (\'0\', \'10\', \'13\', \'2018-11-29\');', '2018-11-29 17:55:13'),
	(897, 'Jonas', 'insert into pedido values (\'0\', \'100\', \'12\', \'2018-11-29\');', '2018-11-29 18:06:30'),
	(898, 'Jonas', 'update pedido set nr_ped=\'100\',cod_forn2=\'12\', dt_ped=\'2018-11-29\' where cod_ped = \'21\';', '2018-11-29 18:07:42'),
	(899, 'Jonas', 'update pedido set nr_ped=\'200\',cod_forn2=\'12\', dt_ped=\'2018-11-29\' where cod_ped = \'21\';', '2018-11-29 18:08:09'),
	(900, 'Jonas', 'delete from pedido where cod_ped = \'0\';', '2018-11-29 18:09:36'),
	(901, 'Jonas', 'delete from pedido where cod_ped = \'0\';', '2018-11-29 18:10:09'),
	(902, 'Jonas', 'delete from pedido where nr_ped = \'200\';', '2018-11-29 18:10:34'),
	(903, 'Jonas', 'insert into pedido values (\'0\', \'1000\', \'12\', \'2018-11-29\');', '2018-11-29 18:11:44'),
	(904, 'Jonas', 'delete from pedido where cod_ped = \'0\';', '2018-11-29 18:11:46'),
	(905, 'Jonas', 'insert into pedido values (\'0\', \'1000\', \'18\', \'2018-11-29\');', '2018-11-29 18:14:18'),
	(906, 'Jonas', 'delete from pedido where nr_ped = \'1000\';', '2018-11-29 18:14:23'),
	(907, 'Jonas', 'insert into pedido values (\'0\', \'10\', \'13\', \'2018-11-29\');', '2018-11-29 18:18:38'),
	(908, 'Jonas', 'delete from pedido where cod_ped = \'0\';', '2018-11-29 18:18:43'),
	(909, 'Jonas', 'delete from pedido where cod_ped = \'0\';', '2018-11-29 18:18:45'),
	(910, 'Jonas', 'delete from pedido where cod_ped = \'0\';', '2018-11-29 18:23:02'),
	(911, 'Jonas', 'delete from pedido where cod_ped = \'0\';', '2018-11-29 18:23:09'),
	(912, 'Jonas', 'update pedido set nr_ped=\'100\',cod_forn2=\'13\', dt_ped=\'2018-11-30\' where cod_ped = \'20\';', '2018-11-29 18:24:15'),
	(913, 'Jonas', 'update pedido set nr_ped=\'10\',cod_forn2=\'13\', dt_ped=\'2018-11-30\' where cod_ped = \'20\';', '2018-11-29 18:26:31'),
	(914, 'Jonas', 'update pedido set nr_ped=\'100\',cod_forn2=\'13\', dt_ped=\'2018-11-30\' where cod_ped = \'20\';', '2018-11-29 18:26:36'),
	(915, 'Jonas', 'update pedido set nr_ped=\'20\',cod_forn2=\'13\', dt_ped=\'2018-11-29\' where cod_ped = \'24\';', '2018-11-29 18:26:45'),
	(916, 'Jonas', 'update pedido set nr_ped=\'20\',cod_forn2=\'13\', dt_ped=\'2018-11-30\' where cod_ped = \'20\';', '2018-11-29 18:26:56'),
	(917, 'Jonas', 'update pedido set nr_ped=\'100\',cod_forn2=\'13\', dt_ped=\'2018-11-30\' where cod_ped = \'20\';', '2018-11-29 18:27:02'),
	(918, 'Jonas', 'update pedido set nr_ped=\'110\',cod_forn2=\'13\', dt_ped=\'2018-11-29\' where cod_ped = \'24\';', '2018-11-29 18:27:11'),
	(919, 'Jonas', 'update pedido set nr_ped=\'10\',cod_forn2=\'13\', dt_ped=\'2018-11-29\' where cod_ped = \'24\';', '2018-11-29 18:28:17'),
	(920, 'Jonas', 'delete from pedido where cod_ped = \'0\';', '2018-11-29 18:49:53'),
	(921, 'Jonas', 'delete from pedido where cod_ped = \'0\';', '2018-11-29 18:51:05'),
	(922, 'Jonas', 'insert into pedido values (\'0\', \'20\', \'500\', \'2018-11-26\');', '2018-11-29 18:57:05'),
	(923, 'Jonas', 'update pedido set cod_forn2=\'20\', nr_ped=\'300\', dt_ped=\'\' where cod_ped = \'26\';', '2018-11-29 18:57:30'),
	(924, 'Jonas', 'update pedido set cod_forn2=\'20\', nr_ped=\'300\', dt_ped=\'\' where cod_ped = \'26\';', '2018-11-29 18:57:40'),
	(925, 'Jonas', 'delete from pedido where cod_ped = \'0\';', '2018-11-29 18:58:16'),
	(926, 'Jonas', 'delete from pedido where cod_ped = \'0\';', '2018-11-29 19:18:37'),
	(927, 'Jonas', 'delete from pedido where cod_ped = \'0\';', '2018-11-29 19:26:08'),
	(928, 'Jonas', 'delete from pedido where cod_ped = \'26\';', '2018-11-29 19:37:24'),
	(929, 'Jonas', 'insert into calcado values (\'0\',\'TESTE\',\'\',\'\',\'\',\'\',\'\',\'\');', '2018-11-29 19:45:43'),
	(930, 'Jonas', 'delete from calcado where cod_cal = \'59\';', '2018-11-29 19:45:49'),
	(931, 'Jonas', 'update pedido set cod_forn2=\'13\', nr_ped=\'20\', dt_ped=\'\' where cod_ped = \'20\';', '2018-11-29 19:56:15'),
	(932, 'Jonas', 'insert into pedido values (\'0\', \'22\', \'1\', \'2018-11-29\');', '2018-11-29 21:34:47'),
	(933, 'Jonas', 'insert into entrada values (\'0\',\'35\',\'14\', \'10.00\', \'0\', \'2018-08-22\', \'25\');', '2018-11-29 22:12:49'),
	(934, 'Jonas', 'update pedido set cod_forn2=\'13\', nr_ped=\'10\', dt_ped=\'\' where cod_ped = \'24\';', '2018-11-29 23:48:48'),
	(935, 'Jonas', 'update pedido set cod_forn2=\'13\', nr_ped=\'10\', dt_ped=\'\' where cod_ped = \'24\';', '2018-11-29 23:48:52'),
	(936, 'Jonas', 'insert into entrada values (\'0\',\'22\',\'12\', \'10.00\', \'20\', \'2018-08-22\', \'23\');', '2018-11-30 01:08:23'),
	(937, 'Jonas', 'delete from entrada where cod_ent = \'20\';', '2018-11-30 01:08:29'),
	(938, 'Jonas', 'delete from entrada where cod_ent = \'2\';', '2018-11-30 11:15:55'),
	(939, 'Jonas', 'delete from ipedido where cod_iped = \'2\';', '2018-11-30 11:18:19'),
	(940, 'Jonas', 'delete from ipedido where cod_iped = \'8\';', '2018-11-30 11:18:57'),
	(941, 'Jonas', 'delete from ipedido where cod_iped = \'9\';', '2018-11-30 11:47:26'),
	(942, 'Jonas', 'delete from pedido where cod_ped = \'20\';', '2018-11-30 14:33:48'),
	(943, 'Jonas', 'delete from pedido where cod_ped = \'24\';', '2018-11-30 14:33:53'),
	(944, 'Jonas', 'insert into pedido values (\'0\', \'18\', \'10\', \'2018-11-30\');', '2018-11-30 14:34:11'),
	(945, 'Jonas', 'insert into pedido values (\'0\', \'19\', \'20\', \'2018-11-30\');', '2018-11-30 14:34:22'),
	(946, 'Jonas', 'insert into entrada values (\'0\',\'22\',\'13\', \'\', \'0\', \'2018-08-22\', \'24\');', '2018-11-30 15:03:10'),
	(947, 'Jonas', 'insert into entrada values (\'0\',\'22\',\'13\', \'\', \'0\', \'2018-08-22\', \'24\');', '2018-11-30 15:03:17'),
	(948, 'Jonas', 'insert into entrada values (\'0\',\'22\',\'13\', \'\', \'0\', \'2018-08-22\', \'24\');', '2018-11-30 15:03:23'),
	(949, 'Jonas', 'insert into entrada values (\'0\',\'22\',\'13\', \'\', \'10\', \'2018-08-22\', \'24\');', '2018-11-30 15:03:32'),
	(950, 'Jonas', 'insert into entrada values (\'0\',\'22\',\'13\', \'\', \'0\', \'2018-08-22\', \'24\');', '2018-11-30 15:03:38'),
	(951, 'Jonas', 'insert into entrada values (\'0\',\'22\',\'13\', \'\', \'0\', \'2018-08-22\', \'24\');', '2018-11-30 15:03:47'),
	(952, 'Jonas', 'insert into entrada values (\'0\',\'22\',\'13\', \'\', \'0\', \'2018-08-22\', \'24\');', '2018-11-30 15:04:02'),
	(953, 'Jonas', 'insert into entrada values (\'0\',\'22\',\'13\', \'\', \'0\', \'2018-08-22\', \'24\');', '2018-11-30 15:04:07'),
	(954, 'Jonas', 'insert into entrada values (\'0\',\'22\',\'13\', \'\', \'0\', \'2018-08-22\', \'24\');', '2018-11-30 15:04:12'),
	(955, 'Jonas', 'insert into entrada values (\'0\',\'22\',\'13\', \'\', \'0\', \'2018-08-22\', \'24\');', '2018-11-30 15:04:18'),
	(956, 'Jonas', 'insert into entrada values (\'0\',\'35\',\'13\', \'\', \'0\', \'2018-08-22\', \'24\');', '2018-11-30 15:04:27'),
	(957, 'Jonas', 'insert into entrada values (\'0\',\'35\',\'13\', \'\', \'0\', \'2018-08-22\', \'24\');', '2018-11-30 15:04:44'),
	(958, 'Jonas', 'insert into entrada values (\'0\',\'43\',\'13\', \'\', \'0\', \'2018-08-22\', \'24\');', '2018-11-30 15:04:56'),
	(959, 'Jonas', 'insert into entrada values (\'0\',\'43\',\'13\', \'\', \'0\', \'2018-08-22\', \'24\');', '2018-11-30 15:05:06'),
	(960, 'Jonas', 'insert into entrada values (\'0\',\'51\',\'16\', \'10.00\', \'5\', \'2018-09-20\', \'32\');', '2018-11-30 15:12:17'),
	(961, 'Jonas', 'delete from saida where cod_saida = \'71\';', '2018-11-30 15:14:29'),
	(962, 'Jonas', 'delete from saida where cod_saida = \'70\';', '2018-11-30 15:15:17'),
	(963, 'Jonas', 'insert into saida values (\'0\',\'23\',\'5\', \'21999\', \'12\',\'33\');', '2018-11-30 16:28:23'),
	(964, 'Jonas', 'delete from saida where cod_saida = \'70\';', '2018-11-30 16:28:29'),
	(965, 'Jonas', 'insert into entrada values (\'0\',\'33\',\'16\', \'50.00\', \'5\', \'2018-09-20\', \'32\');', '2018-11-30 16:30:31'),
	(966, 'Jonas', 'insert into saida values (\'0\',\'23\',\'2\', \'19900\', \'12\',\'45\');', '2018-11-30 16:30:49'),
	(967, 'Jonas', 'delete from ipedido where cod_iped = \'47\';', '2018-11-30 16:38:27'),
	(968, 'Jonas', 'delete from ipedido where cod_iped = \'23\';', '2018-11-30 16:38:35'),
	(969, 'Jonas', 'delete from entrada where cod_ent = \'46\';', '2018-11-30 16:38:43'),
	(970, 'Jonas', 'delete from saida where cod_saida = \'75\';', '2018-11-30 16:38:51'),
	(971, 'Jonas', 'insert into pedido values (\'0\', \'21\', \'100\', \'2018-11-30\');', '2018-11-30 16:39:59'),
	(972, 'Jonas', 'insert into recibo values (\'0\', \'12\', \'1000\', \'2018-11-30\', \'0\');', '2018-11-30 16:40:35'),
	(973, 'Jonas', 'update recibo set cod_forn=\'12\', nr_rec_forn=\'1000\', dt_emissao=\'2018-11-29\', tipo_recibo=\'0\' where cod_recibo = \'41\';', '2018-11-30 16:40:50'),
	(974, 'Jonas', 'delete from recibo where cod_recibo = \'41\';', '2018-11-30 16:40:56'),
	(975, 'Jonas', 'insert into pedido values (\'0\', \'12\', \'1000\', \'2018-11-30\');', '2018-11-30 16:41:08'),
	(976, 'Jonas', 'update pedido set cod_forn=\'12\', nr_ped=\'50\', dt_ped=\'\' where cod_ped = \'31\';', '2018-11-30 16:44:48'),
	(977, 'Jonas', 'update pedido set cod_forn=\'21\', nr_ped=\'67\', dt_ped=\'\' where cod_ped = \'30\';', '2018-11-30 16:44:57'),
	(978, 'Jonas', 'delete from pedido where cod_ped = \'31\';', '2018-11-30 16:45:30'),
	(979, 'Jonas', 'delete from pedido where cod_ped = \'30\';', '2018-11-30 16:45:44'),
	(980, 'Jonas', 'insert into pedido values (\'0\', \'21\', \'67\', \'2018-11-30\');', '2018-11-30 16:45:55'),
	(981, 'Jonas', 'update pedido set cod_forn=\'21\', nr_ped=\'67\', dt_ped=\'2018-11-29\' where cod_ped = \'32\';', '2018-11-30 16:52:25'),
	(982, 'Jonas', 'insert into calcado values (\'0\',\'kkkkkkk\',\'2090\',\'\',\'\',\'\',\'0\',\'\');', '2018-12-01 09:28:25'),
	(983, 'Jonas', 'delete from calcado where cod_cal = \'59\';', '2018-12-01 09:28:31'),
	(984, 'Jonas', 'insert into calcado values (\'0\',\'kkkkk\',\'20.90\',\'\',\'\',\'\',\'\',\'\');', '2018-12-01 09:28:37'),
	(985, 'Jonas', 'delete from calcado where cod_cal = \'60\';', '2018-12-01 09:33:49'),
	(986, 'Jonas', 'insert into pedido values (\'0\', \'12\', \'100\', \'2018-12-01\');', '2018-12-01 09:39:02'),
	(987, 'Jonas', 'delete from pedido where cod_ped = \'33\';', '2018-12-01 09:39:21'),
	(988, 'Jonas', 'insert into calcado values (\'0\',\'João\',\'19.99\',\'\',\'\',\'\',\'0\',\'\');', '2018-12-01 09:40:11'),
	(989, 'Jonas', 'delete from calcado where cod_cal = \'61\';', '2018-12-01 09:40:20'),
	(990, 'Jonas', 'insert into pedido values (\'0\', \'12\', \'0000\', \'2018-12-01\');', '2018-12-01 10:58:36'),
	(991, 'Jonas', 'insert into pedido values (\'0\', \'12\', \'1000000\', \'2018-12-01\');', '2018-12-01 11:00:04'),
	(992, 'Jonas', 'delete from pedido where cod_ped = \'36\';', '2018-12-01 11:00:19'),
	(993, 'Jonas', 'delete from pedido where cod_ped = \'34\';', '2018-12-01 11:00:21'),
	(994, 'Jonas', 'insert into pedido values (\'0\', \'12\', \'10\', \'2018-12-01\');', '2018-12-01 11:02:07'),
	(995, 'Jonas', 'delete from pedido where cod_ped = \'38\';', '2018-12-01 11:12:11'),
	(996, 'Jonas', 'insert into pedido values (\'0\', \'12\', \'10\', \'2018-12-01\');', '2018-12-01 11:14:50'),
	(997, 'Jonas', 'update pedido set cod_forn=\'12\', nr_ped=\'15\', dt_ped=\'2018-12-01\' where cod_ped = \'39\';', '2018-12-01 11:15:14'),
	(998, 'Jonas', 'insert into pedido values (\'0\', \'12\', \'10000000\', \'2018-12-01\');', '2018-12-01 11:15:38'),
	(999, 'Jonas', 'delete from pedido where cod_ped = \'40\';', '2018-12-01 11:16:05'),
	(1000, 'Jonas', 'insert into pedido values (\'0\', \'13\', \'5000\', \'2018-12-01\');', '2018-12-01 11:19:09'),
	(1001, 'Jonas', 'delete from ipedido where cod_iped = \'46\';', '2018-12-01 11:19:49'),
	(1002, 'Jonas', 'delete from ipedido where cod_iped = \'48\';', '2018-12-01 11:20:12'),
	(1003, 'Jonas', 'update pedido set cod_forn=\'22\', dt_ped=\'2018-11-29\' where cod_ped = \'27\';', '2018-12-01 11:23:53'),
	(1004, 'Jonas', 'insert into pedido values (\'0\', \'12\', \'2018-12-01\');', '2018-12-01 11:24:04'),
	(1005, 'Jonas', 'delete from pedido where cod_ped = \'42\';', '2018-12-01 11:24:16'),
	(1006, 'Jonas', 'insert into pedido values (\'0\', \'20\', \'2018-12-01\');', '2018-12-01 11:31:18'),
	(1007, 'Jonas', 'insert into pedido values (\'0\', \'20\', \'2018-12-01\');', '2018-12-01 11:33:21'),
	(1008, 'Jonas', 'insert into pedido values (\'0\', \'20\', \'2018-12-01\');', '2018-12-01 11:44:41'),
	(1009, 'Jonas', 'delete from pedido where cod_ped = \'45\';', '2018-12-01 11:45:58'),
	(1010, 'Jonas', 'delete from pedido where cod_ped = \'44\';', '2018-12-01 11:46:00'),
	(1011, 'Jonas', 'delete from pedido where cod_ped = \'43\';', '2018-12-01 11:46:03'),
	(1012, 'Jonas', 'delete from pedido where cod_ped = \'41\';', '2018-12-01 11:46:42'),
	(1013, 'Jonas', 'delete from pedido where cod_ped = \'39\';', '2018-12-01 11:46:45'),
	(1014, 'Jonas', 'insert into pedido values (\'0\', \'20\', \'2018-12-01\');', '2018-12-01 11:47:51'),
	(1015, 'Jonas', 'delete from pedido where cod_ped = \'46\';', '2018-12-01 11:48:08');
/*!40000 ALTER TABLE `logusu` ENABLE KEYS */;

-- Copiando estrutura para tabela projeto.pedido
DROP TABLE IF EXISTS `pedido`;
CREATE TABLE IF NOT EXISTS `pedido` (
  `cod_ped` int(11) NOT NULL AUTO_INCREMENT,
  `cod_forn` int(11) DEFAULT NULL,
  `dt_ped` date DEFAULT NULL,
  PRIMARY KEY (`cod_ped`),
  KEY `cod_forn` (`cod_forn`),
  CONSTRAINT `cod_forn2` FOREIGN KEY (`cod_forn`) REFERENCES `fornecedor` (`cod_forn`)
) ENGINE=InnoDB AUTO_INCREMENT=47 DEFAULT CHARSET=utf8;

-- Copiando dados para a tabela projeto.pedido: ~6 rows (aproximadamente)
/*!40000 ALTER TABLE `pedido` DISABLE KEYS */;
INSERT INTO `pedido` (`cod_ped`, `cod_forn`, `dt_ped`) VALUES
	(27, 22, '2018-11-29'),
	(28, 18, '2018-11-30'),
	(29, 19, '2018-11-30'),
	(32, 21, '2018-11-29');
/*!40000 ALTER TABLE `pedido` ENABLE KEYS */;

-- Copiando estrutura para tabela projeto.recibo
DROP TABLE IF EXISTS `recibo`;
CREATE TABLE IF NOT EXISTS `recibo` (
  `cod_recibo` int(11) NOT NULL AUTO_INCREMENT,
  `cod_forn` int(11) DEFAULT NULL,
  `nr_rec_forn` int(11) DEFAULT NULL,
  `dt_emissao` date DEFAULT NULL,
  `tipo_recibo` tinyint(4) DEFAULT NULL,
  PRIMARY KEY (`cod_recibo`),
  KEY `FK_recibo_fornecedor` (`cod_forn`),
  CONSTRAINT `FK_recibo_fornecedor` FOREIGN KEY (`cod_forn`) REFERENCES `fornecedor` (`cod_forn`) ON DELETE CASCADE ON UPDATE CASCADE
) ENGINE=InnoDB AUTO_INCREMENT=41 DEFAULT CHARSET=utf8;

-- Copiando dados para a tabela projeto.recibo: ~12 rows (aproximadamente)
/*!40000 ALTER TABLE `recibo` DISABLE KEYS */;
INSERT INTO `recibo` (`cod_recibo`, `cod_forn`, `nr_rec_forn`, `dt_emissao`, `tipo_recibo`) VALUES
	(23, 12, 1, '2018-08-22', 1),
	(24, 13, 2, '2018-08-22', 0),
	(25, 14, 3, '2018-08-22', 0),
	(32, 16, 4, '2018-09-20', 0),
	(33, 18, 5, '2018-11-21', 0),
	(34, 19, 6, '2018-11-21', 0),
	(35, 20, 7, '2018-11-21', 0),
	(36, 21, 8, '2018-11-21', 0),
	(37, 22, 9, '2018-11-21', 0),
	(38, 23, 10, '2018-11-21', 0),
	(39, 24, 11, '2018-11-21', 0),
	(40, 15, 12, '2018-11-21', 0);
/*!40000 ALTER TABLE `recibo` ENABLE KEYS */;

-- Copiando estrutura para tabela projeto.saida
DROP TABLE IF EXISTS `saida`;
CREATE TABLE IF NOT EXISTS `saida` (
  `cod_saida` int(11) NOT NULL AUTO_INCREMENT,
  `cod_recibo` int(11) NOT NULL DEFAULT '0',
  `qtde_saida` int(11) NOT NULL DEFAULT '0',
  `preco_saida` float NOT NULL DEFAULT '0',
  `cod_forn` int(11) NOT NULL DEFAULT '0',
  `cod_cal` int(11) NOT NULL DEFAULT '0',
  PRIMARY KEY (`cod_saida`),
  KEY `cod_cal` (`cod_cal`),
  KEY `cod_forn` (`cod_forn`),
  KEY `cod_recibo` (`cod_recibo`),
  CONSTRAINT `cod_cal` FOREIGN KEY (`cod_cal`) REFERENCES `calcado` (`cod_cal`),
  CONSTRAINT `cod_forn` FOREIGN KEY (`cod_forn`) REFERENCES `fornecedor` (`cod_forn`),
  CONSTRAINT `cod_recibo` FOREIGN KEY (`cod_recibo`) REFERENCES `recibo` (`cod_recibo`)
) ENGINE=InnoDB AUTO_INCREMENT=73 DEFAULT CHARSET=utf8;

-- Copiando dados para a tabela projeto.saida: ~8 rows (aproximadamente)
/*!40000 ALTER TABLE `saida` DISABLE KEYS */;
INSERT INTO `saida` (`cod_saida`, `cod_recibo`, `qtde_saida`, `preco_saida`, `cod_forn`, `cod_cal`) VALUES
	(39, 23, 0, 10460, 12, 22),
	(48, 23, 0, 19900, 12, 37),
	(52, 23, 0, 10460, 12, 22),
	(53, 23, 0, 10460, 12, 22),
	(61, 23, 0, 19900, 12, 37),
	(63, 23, 0, 44990, 12, 35),
	(65, 23, 5, 10460, 12, 22),
	(72, 23, 5, 21999, 12, 33);
/*!40000 ALTER TABLE `saida` ENABLE KEYS */;

-- Copiando estrutura para tabela projeto.usuario
DROP TABLE IF EXISTS `usuario`;
CREATE TABLE IF NOT EXISTS `usuario` (
  `id` int(11) unsigned NOT NULL AUTO_INCREMENT,
  `mat_func` int(11) DEFAULT NULL,
  `usuario` varchar(25) NOT NULL,
  `senha` varchar(40) NOT NULL,
  `nivel` int(1) unsigned NOT NULL DEFAULT '1',
  `ativo` tinyint(1) NOT NULL DEFAULT '1',
  `dt_cadastro` datetime NOT NULL,
  PRIMARY KEY (`id`),
  UNIQUE KEY `usuario` (`usuario`),
  KEY `nivel` (`nivel`),
  KEY `FK_funcionario_usuario` (`mat_func`),
  CONSTRAINT `mat_func` FOREIGN KEY (`mat_func`) REFERENCES `funcionario` (`mat_func`) ON DELETE CASCADE ON UPDATE CASCADE
) ENGINE=InnoDB AUTO_INCREMENT=28 DEFAULT CHARSET=utf8;

-- Copiando dados para a tabela projeto.usuario: ~8 rows (aproximadamente)
/*!40000 ALTER TABLE `usuario` DISABLE KEYS */;
INSERT INTO `usuario` (`id`, `mat_func`, `usuario`, `senha`, `nivel`, `ativo`, `dt_cadastro`) VALUES
	(7, 7, 'jons', '40bd001563085fc35165329ea1ff5c5ecbdbbeef', 5, 1, '2018-10-17 14:45:51'),
	(13, 8, 'jao', '40bd001563085fc35165329ea1ff5c5ecbdbbeef', 5, 1, '2018-09-21 00:00:00'),
	(21, 9, 'loide', '40bd001563085fc35165329ea1ff5c5ecbdbbeef', 4, 1, '2018-09-21 17:08:38'),
	(22, 10, 'fausto', '40bd001563085fc35165329ea1ff5c5ecbdbbeef', 3, 1, '2018-09-22 00:00:00'),
	(23, 11, 'tupi', '40bd001563085fc35165329ea1ff5c5ecbdbbeef', 2, 1, '2018-09-22 00:00:00'),
	(24, 12, 'leandro', '40bd001563085fc35165329ea1ff5c5ecbdbbeef', 1, 1, '2018-09-22 00:00:00'),
	(25, 14, 'pedro', '40bd001563085fc35165329ea1ff5c5ecbdbbeef', 4, 1, '2018-11-21 16:47:21'),
	(27, 15, 'israel', '40bd001563085fc35165329ea1ff5c5ecbdbbeef', 2, 0, '2018-11-24 11:14:22');
/*!40000 ALTER TABLE `usuario` ENABLE KEYS */;

/*!40101 SET SQL_MODE=IFNULL(@OLD_SQL_MODE, '') */;
/*!40014 SET FOREIGN_KEY_CHECKS=IF(@OLD_FOREIGN_KEY_CHECKS IS NULL, 1, @OLD_FOREIGN_KEY_CHECKS) */;
/*!40101 SET CHARACTER_SET_CLIENT=@OLD_CHARACTER_SET_CLIENT */;
